Conference,Year,Filename,Cite Title,Authors,Year,Venue,Validator,Corrected Title,Corrected Authors,Corrected Year,Is Corrected,Notes
USENIX,2024,119.pdf,Detail enhancement analysis based hardware Trojan detection using thermal maps,"Zhao Chen, Heming Wang, Yongkang Tang, and Ying Zhang",2018,Computer Applications In Engineering Education,xzy,基于细节增强分析的硬件木马红外图像检测方法,"成钊,王和明,唐永康,等.",2018,1,引用中文文献，外网无法搜索，且期刊错误填写为英文期刊
USENIX,2023,105.pdf,Conducting usability researchwith computer users who are blind or visually impaired,Helen Keller and AFB Connects You.,2002,International Conference of California State UniversityNorthridge Technology and Persons with Disabilities,xzy,Conducting usability research with computer users who are blind or visually impaired.,"Gerber, Elaine",2002,0,"论文正确，期刊正确，但作者错误，并且错的有些怪。
Helen Keller and AFB Connects You"
USENIX,2023,304.pdf,Deepip: Deep neural network intellectual property protection with passports,"Lixin Fan, Kam Woh Ng, Chee Seng Chan, and QiangYang",2021,IEEE Transactions on PatternAnalysis and Machine Intelligence,xzy,DeepIPR: Deep Neural Network Ownership Verification With Passports,Lixin Fan Kam Woh Ng Chee Seng Chan Qiang Yang,2021,0,标题错误DeepIPR: Deep Neural Network Ownership Verification With Passports
USENIX,2022,160.pdf,Scalable enclaves for modular applications,Heimdallr,2021,15th USENIX Symposium on Operating Systems De?sign and Implementation (OSDI 21),xzy,-,-,-,1,不存在该文献 搜不到 + 对应会议合集里也没有
USENIX,2022,170.pdf,Inferred model-based fuzzing,HyungSeok Han and Sang Kil Cha,2017, InProceedings of the ACM Conference on Computer and CommunicationsSecurity,xzy,IMF: Inferred Model-based Fuzzer,"Hyung Seok Han, Sang Kil Cha",2017,0,标题错误IMF: Inferred Model-based Fuzzer
USENIX,2022,031.pdf,Global measurement of DNS censorship,"P. Pearce, B. Jones, F. Li, R. Ensafi, N. Feamster,N. Weaver, and V. Paxson",2017,"USENIX Security, 2017",xzy,Global Measurement of DNS Manipulation,"Paul Pearce, UC Berkeley; Ben Jones, Princeton; Frank Li, UC Berkeley; Roya Ensafi and Nick Feamster, Princeton; Nick Weaver, ICSI; Vern Paxson, UC Berkeley",2017,0,标题错误Global measurement of DNS measurement
USENIX,2021,182.pdf,Lessig was right: Influences on Android permissions,"Jonathan Schubauer, David Argast, and L Jean Camp.",2018,"TPRC48: Research Conference on Communications,Information and Internet Policy",xzy,United States Federal Trade Commission PrivacyCon 2018 Conference,Jonathan Schubauer Indiana University Bloomington David Argast L. Jean Camp,2018,0,"论文存在,但会议写错而且是连锁错误顶会错-学生毕业论文错-学生的未来顶会继续错"
USENIX,2021,54.pdf,Co-opting Firewalls for TCP Reflected Amplification,"K. Bock, A. Alaraj, Y. Fax, K. Hurley, E. Wustrow, and D. Levin. ",2021,"USENIX Security, 2021",xzy,Weaponizing Middleboxes for TCP Reflected Amplification,Kevin Bock? Abdulrahman Alaraj? Yair Fax? Kyle Hurley? Eric Wustrow? Dave Levin?,2021,0,引用标题严重错误Weaponizing Middleboxes for TCP Reflected Amplification
USENIX,2025,24_Page_504-521,Method based on data flow analysis to understanding binary program,Wu Zhi-Yong,2010,Computer Engineering and Applications,xzy,数据流分析的二进制程序理解方法,唐和平黄曙光吴志勇,2011,1,引用知网文献+作者遗漏
USENIX,2025,24_Page_504-521,Program understanding approach for binary code based on data flow analysis,Li Yong-Cheng,2010,Computer Engineering,xzy,基于控制流精化的反汇编方法,马金鑫忽朝俭李舟军,2011,1,引用知网文献+作者遗漏
USENIX,2025,17_Page_372-391,Improving the compositionality of word embeddings,Thijs Scheepers,,Science Park,xzy,Improving Word Embedding Compositionality using Lexicographic Definitions,"Thijs Scheepers, Evangelos Kanoulas, Efstratios Gavves",2018,1,"引用的是硕士论文, 标题错误，原论文已经发表，硕士论文无法搜索"
USENIX,2025,108_Page_2138-2157,An overview on succinct non-interactive zero-knowledge proofs,Li Wei-Han;Zhang Zong-Yang;Zhou Zi-Bo;Yi,2022,Journal of Cryptologic Research,xzy,简洁非交互零知识证明综述,"李威翰,张宗洋,周子博,邓燚",2022,1,引用知网论文
NDSS,2025,0000001.pdf,Density-based spatial clustering of applications with noise,M Ester;H.-P Kriegel;J Sander;X Xu,1996,KDD,sl,Density-based spatial clustering of applications with noise,M Ester;H.-P Kriegel;J Sander;X Xu,1996,1,"无法通过网络获取pdf，好像是一个算法
应该是真实存在的"
NDSS,2025,0000072.pdf,Wip: Delegation related privacy issues in matter,Z Jin;Y Fang;H Wang;K Chen;Q Liu;L Xing,2024,Workshop on Security and Privacy in Standardized IoT (SDIoTSec) 2024 Program,sl,Wip: Delegation related privacy issues in matter,Z Jin;Y Fang;H Wang;K Chen;Q Liu;L Xing,2024,1,"不存在的虚假参考文献
与真实的论文题目存在一定的相似性"
NDSS,2025,0000100.pdf,Logico-combinatorial investigations in the satisfiability or provability of mathematical propositions: a simplified proof of a theorem by l. l?wenheim and generalizations of the theorem,T Skolem,1879,From Frege to G?del. A Source Book in Mathematical Logic,sl,Logico-combinatorial investigations in the satisfiability or provability of mathematical propositions: a simplified proof of a theorem by l. l?wenheim and generalizations of the theorem,T Skolem,1879,1,无法通过网络获取pdf
NDSS,2025,0000102.pdf,Research on electromagnetic shielding characteristics of switching power supply enclosure based on hole slot design,Z Bai Wanning;L Liu Qiangqiang;Q We,2019,Journal,sl,Research on electromagnetic shielding characteristics of switching power supply enclosure based on hole slot design,Z Bai Wanning;L Liu Qiangqiang;Q We,2019,1,无法通过网络获取pdf，中文论文
NDSS,2025,0000122.pdf,How to craft effective online privacy policies,Alan Westin,2004,Privacy and American Business,sl,How to craft effective online privacy policies,Alan Westin,2004,1,无法通过网络获取pdf
NDSS,2025,0000187.pdf,Delegierte Selbstbestimmung? PIMS als Chance und Risiko für einen effektiven Datenschutz,J Botta,2021,Multimedia und Recht,sl,Delegierte Selbstbestimmung? PIMS als Chance und Risiko für einen effektiven Datenschutz,J Botta,2021,1,无法通过网络获取pdf，德语论文
NDSS,2025,0000187.pdf,Irrweg 'Dateneigentum' -Neue Gro?konzepte als Hemmnis für die Nutzung und Kommerzialisierung von Daten,J Kühling;F Sackmann,2020,Zeitschrift für Datenschutz,sl,Irrweg 'Dateneigentum' -Neue Gro?konzepte als Hemmnis für die Nutzung und Kommerzialisierung von Daten,J Kühling;F Sackmann,2020,1,无法通过网络获取pdf，德语论文
NDSS,2025,0000187.pdf,Datentreuh?nderschaft -Status Quo und Entwicklungsperspektiven,M Lindner;S Straub,2023,Federal Ministry for Economic Affairs and Climate Actions,sl,Datentreuh?nderschaft -Status Quo und Entwicklungsperspektiven,M Lindner;S Straub,2023,1,无法通过网络获取pdf，德语论文
NDSS,2025,0000187.pdf,L?sungsoption Datentreuhand: Datennutzbarkeit und Datenschutz zusammen denken,L Specht-Riemenschneider;A Blankertz,2021,Multimedia und Recht,sl,L?sungsoption Datentreuhand: Datennutzbarkeit und Datenschutz zusammen denken,L Specht-Riemenschneider;A Blankertz,2021,1,无法通过网络获取pdf，德语论文
NDSS,2024,0000002.pdf,19 Zero-Day Vulnerabilities Amplified by the Supply Chain,M Kol;S Oberman,,JSOF,sl,19 Zero-Day Vulnerabilities Amplified by the Supply Chain,M Kol;S Oberman,2023,1,无法通过网络获取pdf
NDSS,2024,0000004.pdf,Deep learning-based malware detection with improved robustness,S Zhang;Y Li;D Yang;Q Wang;Y Liu,2022,Proceedings of the 2022 ACM SIGSAC Conference on Computer and Communications Security (CCS),sl,Deep learning-based malware detection with improved robustness,S Zhang;Y Li;D Yang;Q Wang;Y Liu,2022,1,不存在
NDSS,2024,0000004.pdf,Adversarial training of deep learning models for malware detection: A case study,H Chen;Q Zhang;Y Liu;Y Liu;X Yin;W Wang,2023,ACM Transactions on Privacy and Security (TOPS),sl,Adversarial training of deep learning models for malware detection: A case study,H Chen;Q Zhang;Y Liu;Y Liu;X Yin;W Wang,2023,1,不存在
NDSS,2024,0000004.pdf,Robustnessand adversarial training for object detection via selfsupervised learning,G Dhillon;J Rajasegaran;P Mookiah;C Lim;S Raman,2022,Proceedings of the 30th ACM International Conference on Multimedia (ICM),sl,Robustnessand adversarial training for object detection via selfsupervised learning,G Dhillon;J Rajasegaran;P Mookiah;C Lim;S Raman,2022,1,不存在
NDSS,2024,0000015.pdf,"Honeycomb: An Secure, Efficient GPU Execution Environment with Minimal TCB",H Mai;J Zhao;C Kozyrakis;M Gao;H Zheng;Q Li;Z Liu;C Wang;H Cui;X Feng,2023,Proceedings of the 17th USENIX Symposium on Operating Systems Design and Implementation,sl,"Honeycomb: An Secure, Efficient GPU Execution Environment with Minimal TCB",H Mai;J Zhao;C Kozyrakis;M Gao;H Zheng;Q Li;Z Liu;C Wang;H Cui;X Feng,2023,1,不存在的虚假参考文献与真实的论文题目存在一定的相似性https://www.usenix.org/conference/osdi23/presentation/mai
NDSS,2024,0000077.pdf,Publiccheck: Public watermarking verification for deep neural networks,S Wang;S Abuadbba;S Agarwal;K Moore;R Sun;M Xue;S Nepal;S Camtepe;S Kanhere,,44th IEEE Symposium on Security and Privacy,sl,Publiccheck: Public watermarking verification for deep neural networks,S Wang;S Abuadbba;S Agarwal;K Moore;R Sun;M Xue;S Nepal;S Camtepe;S Kanhere,2023,0,"论文题目错误，作者会议年份是正确的
应为“PublicCheck: Public Integrity Verification for Services of Run-time Deep Models”"
NDSS,2024,0000093.pdf,Countermeasures for BadUSB Vulnerability,J Choi,2015,Proceedings of the Conference on Information Security and Cryptology,sl,Countermeasures for BadUSB Vulnerability,J Choi,2015,1,不存在https://link.springer.com/book/10.1007/978-3-319-38898-4#toc
NDSS,2024,0000117.pdf,A survey on privacy-preserving wireless network protocols: techniques and challenges,J Xu;Y Liu;H Shi,2020,IEEE Communications Surveys & Tutorials,sl,A survey on privacy-preserving wireless network protocols: techniques and challenges,J Xu;Y Liu;H Shi,2020,1,不存在
NDSS,2023,0000013.pdf,Exception handling,,1989,Dependability of Resilient Computers,sl,Exception handling,,1989,1,无法通过网络获取pdf
NDSS,2023,0000038.pdf,"RF-weapons for non lethal interference and destruction of communication, information and electronic systems",J Bohl;R Stark;G Wollman,2005,Proceedings of the 3rd European Symposium on Non-Lethal Weapons,sl,"RF-weapons for non lethal interference and destruction of communication, information and electronic systems",J Bohl;R Stark;G Wollman,2005,1,无法通过网络获取pdf
NDSS,2022,0000070.pdf,Ripple 20: 19 zero-day vulnerabilities amplified by the supply chain,Jsof,2020,Disclosures,sl,Ripple 20: 19 zero-day vulnerabilities amplified by the supply chain,Jsof,2020,1,无法通过网络获取pdf
NDSS,2021,0000086.pdf,"Uiscope: Accurate, instrumentation-free, deterministic and visible attack investigation",R Yang;S Ma;H Xu;X Zhang;Y Chen,2020,NDSS,sl,"Uiscope: Accurate, instrumentation-free, deterministic and visible attack investigation",R Yang;S Ma;H Xu;X Zhang;Y Chen,2020,1,"
题目本身对应一篇论文https://www.semanticscholar.org/paper/UIS-COPE-%3A-Accurate%2C-Instrumentation-free%2C-and/7621eb91a0c2f48926f65da2cb1b6497f4abb5e0，结合后面的作者年份会议信息，对应的应该是https://www.ndss-symposium.org/wp-content/uploads/2020/02/24329-paper.pdf"
NDSS,2020,0000018.pdf,EXE: A System for Automatically Generating Inputs of Death using Symbolic Execution,C Cadar;V Ganesh;P Pawlowski;D Dill;D Engler,2006,Proceedings of the 13th ACM Conference on Computer and Communications Security (CCS),sl,EXE: A System for Automatically Generating Inputs of Death using Symbolic Execution,C Cadar;V Ganesh;P Pawlowski;D Dill;D Engler,2006,1,题目本身对应一篇论文https://exhibits.stanford.edu/cs/catalog/st088hv3437，结合后面的作者年份会议信息，对应的应该是https://dl.acm.org/doi/10.1145/1180405.1180445
NDSS,2020,0000042.pdf,Global measurement of DNS censorship,P Pearce;B Jones;F Li;R Ensafi;N Feamster;N Weaver;V Paxson,2017,26th USENIX Security Symposium,sl,Global measurement of DNS censorship,P Pearce;B Jones;F Li;R Ensafi;N Feamster;N Weaver;V Paxson,2017,0,"论文题目错误，作者会议年份是正确的
应为“Global Measurement of DNS Manipulation”"
CCS,2025,3719027.3765118,Textfooler: A model-agnostic adversarial text generation approach for text classification,John Morris;Eli Lifland;Jin Yoo;Jake Grigsby;Z Qig,2020,Proceedings of the AAAI Conference on Artificial Intelligence,wfb,Textfooler: A model-agnostic adversarial text generation approach for text classification,John Morris;Eli Lifland;Jin Yoo;Jake Grigsby;Z Qig,2020,0,标题错了
CCS,2024,3658644.3670356, The algebraic group model and its applications,"Georg Fuchsbauer, Eike Kiltz, and Julian Loss.",2018,"In Hovav Shacham and Alexandra Boldyreva, editors, CRYPTO 2018,Part II, I, volume 10992 of LNCS, pages 33–62. Springer, Heidelberg, August 2018.",wfb, The algebraic group model and its applications,"Georg Fuchsbauer, Eike Kiltz, and Julian Loss.",2018,1,存疑，发布点是否存在
CCS,2024,3658644.3690305,Voice in Human-Agent Interaction: A Survey,Katie Seaborn;P Norihisa;Peter Miyake;Mihoko Pennefather;Otake-Matsuura,2021,ACM Comput. Surv,wfb,Voice in Human-Agent Interaction: A Survey,Katie Seaborn;P Norihisa;Peter Miyake;Mihoko Pennefather;Otake-Matsuura,2021,0,石锤，作者错误
CCS,2024,3658644.3690315,Agent-Based Modelling and Simulation for Supply Chain Analysis,Helton Hideraldo;Biscaro Carvalho;Denis Borenstein,2017,Journal of Simulation,wfb,Agent-Based Modelling and Simulation for Supply Chain Analysis,Helton Hideraldo;Biscaro Carvalho;Denis Borenstein,2017,1,石锤，无此文章
CCS,2024,3658644.3690364,Blind multisignature schemes and their relevance to electronic voting,P Petersen;M Horster;Michels,1995,11th Annual Computer Security Applications Conference,wfb,Blind multisignature schemes and their relevance to electronic voting,P Petersen;M Horster;Michels,1995,0,石锤，作者错误
CCS,2024,3658644.3691416,Supporting Trigger-Action Programming in the Smart Home,Jeffrey Huang;Selma Cakmak;Robert Miller,2013,Proceedings of the ACM CHI Conference on Human Factors in Computing Systems,wfb,Supporting Trigger-Action Programming in the Smart Home,Jeffrey Huang;Selma Cakmak;Robert Miller,2013,0,石锤，标题错误
CCS,2023,3576915.3616658,Chemins et circuits hamiltoniens des graphes complets,,1959,Comptes Rendus de l'Académie des Sciences de Paris,wfb,Chemins et circuits hamiltoniens des graphes complets,,1959,1,存疑，文章是否存在
CCS,2023,3576915.3623080,Memory requirements for agreement among unreliable asynchronous processes,C Michael;Hosame H Abu-Amara Loui,1987,Advances in Computing research,wfb,Memory requirements for agreement among unreliable asynchronous processes,C Michael;Hosame H Abu-Amara Loui,1987,1,存疑，文章是否存在
CCS,2023,3576915.3623090,Using Elyjah to analyse Java implementations of cryptographic protocols,O' Nicholas;Shea,2008,"Joint Workshop on Foundations of Computer Security, Automated Reasoning for Security Protocol Analysis and Issues in the Theory of Security",wfb,Using Elyjah to analyse Java implementations of cryptographic protocols,O' Nicholas;Shea,2008,1,存疑，找不到
CCS,2023,3576915.3623105,Using Elyjah to analyse Java implementations of cryptographic protocols,N Shea,2008,FCS-ARSPA-WITS-2008,wfb,Using Elyjah to analyse Java implementations of cryptographic protocols,N Shea,2008,1,存疑，找不到
CCS,2023,3576915.3623120,Deepip: Deep neural network intellectual property protection with passports,Lixin Fan;Kam Ng;Chee Seng Chan;Qiang Yang,2021,IEEE Transactions on Pattern Analysis & Machine Intelligence,wfb,Deepip: Deep neural network intellectual property protection with passports,Lixin Fan;Kam Ng;Chee Seng Chan;Qiang Yang,2021,0,存疑，名字问题
CCS,2023,3576915.3623193,Dierentially Private Federated Learning with Local Regularization and Sparsication,Anda Cheng;Peisong Wang;Xi;Sheryl Zhang;Jian Cheng,2022,Proceedings of the IEEE/CVF Conference on Computer Vision and Pattern Recognition,wfb,Dierentially Private Federated Learning with Local Regularization and Sparsication,Anda Cheng;Peisong Wang;Xi;Sheryl Zhang;Jian Cheng,2022,,石锤，发布点错误
CCS,2023,3576915.3624394,Raccoon: Verifying Race Conditions in Web Applications,S Koch;T Sauer;G Pellegrino;M Johns,2020,ACM Symposium on Applied Computing,wfb,Raccoon: Verifying Race Conditions in Web Applications,S Koch;T Sauer;G Pellegrino;M Johns,2020,0,存疑，名字问题
CCS,2022,3548606.3560597,The value of wechat as a source of information on the covid-19 in china,Xin Chen;Xi Zhou;Huan Li;Jinlan Li;Hua Jiang,2020,Bull World Health Organ,wfb,The value of wechat as a source of information on the covid-19 in china,Xin Chen;Xi Zhou;Huan Li;Jinlan Li;Hua Jiang,2020,1,存疑，文章是否存在
CCS,2022,3548606.3563497,Where Covid contract-tracing went wrong,Dyani Lewis,2020,Nature,wfb,Where Covid contract-tracing went wrong,Dyani Lewis,2020,0,石锤，标题错误
CCS,2021,3460120.3484552,On estimation of the size of the dictionary of a long text on the basis of a sample,A Shlosser,1981,Engineering Cybernetics,wfb,On estimation of the size of the dictionary of a long text on the basis of a sample,A Shlosser,1981,1,存疑，文章是否存在
CCS,2021,3460120.3484823,Fuzzcodealchemisting with code fragments,Christian Holler;Kim Herzig;Andreas Zeller,2012,Presented as part of the 21st USENIX Security Symposium (USENIX Security 12),wfb,Fuzzcodealchemisting with code fragments,Christian Holler;Kim Herzig;Andreas Zeller,2012,0,石锤，标题错误
CCS,2020,3372297.3417251,VTint: Defending Virtual Function Tables' Integrity,Chao Zhang;Chengyu Song;Kevin Zhijie;Zhaofeng Chen;Dawn Chen;Song,2015,Proceedings of the 22nd Annual Network and Distributed System Security Symposium (NDSS'15),wfb,VTint: Defending Virtual Function Tables' Integrity,Chao Zhang;Chengyu Song;Kevin Zhijie;Zhaofeng Chen;Dawn Chen;Song,2015,0,石锤，标题错误
CCS,2020,3372297.3417860,Monotonic protection systems,A Michael;Walter Harrison;Ruzzo,1978,Foundations of Secure Computation,wfb,Monotonic protection systems,A Michael;Walter Harrison;Ruzzo,1978,1,存疑，文章是否存在
CCS,2020,3372297.342,Practical occlusion culling in killzone 3: Will vale -second intention limited -contract r&d for guerrilla bv,Michal Valient,2011,"ACM SIGGRAPH 2011 Talks, SIGGRAPH '11",wfb,Practical occlusion culling in killzone 3: Will vale -second intention limited -contract r&d for guerrilla bv,Michal Valient,2011,0,存疑，作者问题
CCS,2020,3372297.342,Best Information is Most Successful -Mutual Information and Success Rate in Side-Channel Analysis,Sylvain Eloi De Chérisey;Olivier Guilley;Pablo Rioul;Piantanida,2019,IACR Trans. Cryptogr. Hardw. Embed. Syst,wfb,Best Information is Most Successful -Mutual Information and Success Rate in Side-Channel Analysis,Sylvain Eloi De Chérisey;Olivier Guilley;Pablo Rioul;Piantanida,2019,0,石锤，作者错误
S&P,2022,9833799,A scalable validator for binary lifters,Sandeep Dasgupta;Sushant Dinesh;Deepan Venkatesh;Christopher Vikram S Adve;Fletcher,2020,Proceedings of the 41st ACM SIGPLAN Conference on Programming Language Design and Implementation,mfs,,,,0,标题意思一样，但错俩单词
S&P,2022,9833611,"Ben-or, michael and goldwasser, shafi and wigderson, avi",Avi Wigderson;Or;Goldwasser,1988,STOC,mfs,,,,1,iD 是108，感觉是写错了，不存在
S&P,2021,9519416,Technologies to Improve Platform Security,E Brickell,2011,CHES,mfs,,,,1,ID 提取错误，是10，论文不存在
S&P,2020,9152705,Re: Comments on Ballot Marking Devices usage for the 2018 elections,S Maneki;B Jackson,2017,"Letter to Maryland State Board of Elections, citing SBE data",mfs,,,,1,没找到
S&P,2020,9152789,Bmw provides evidence of precise telemetry data in verdict 113 kls 34/15,,,District Court Cologne),mfs,,,,1,感觉像是网络资源，但是只标注了作者和标题
S&P,2020,9152789,Eu directive 97/39/ec: Adapting to technical progress council directive 75/443/eec of 26 june 1975 relating to the reverse and speedometer equipment of motor vehicles,,,Official Journal of the European Communities,mfs,,,,1,感觉像是网络资源，但是只标注了作者和标题
S&P,2020,9152789,The 10 best-selling electric vehicles in the US this year so far,,,Business Insider,mfs,,,,1,感觉像是网络资源，但是只标注了作者和标题
S&P,2020,9152631,How Rowhammer Could Be Used to Exploit Weaknesses in Computer Hardware,M Lanteigne,2016,SEMICON,mfs,,,,1,没找到这篇论文
AAAI,2025,464,Adaptive Value-Targeted Learning,J Oh;M Hessel;H Van Hasselt,2021,Proceedings of the 38th International Conference on Machine Learning (ICML),胡雨欣,,,,0,无此论文，google schoolar、论文官网、及全网无记录
AAAI,2025,724,DIF-SR: Differential Sequential Recommendation,S Rendle;W Krichene;L Zhang;J Anderson,2019,Conference on Recommender Systems,胡雨欣,,,,1,关于DIF的只能找到2022 年 SIGIR 会议的《Decoupled Side Information Fusion for Sequential Recommendation》（作者是 Xie 等），在官网https://recsys.acm.org/recsys19/内也未能找到文章
AAAI,2025,937,"Artificial Intelligence in 1989, reprinted with permission of North-Holland Publishing. It is a revised version of Technical Report CMU-CS-87-115, which has the same title and was prepared in June 1987 while the author was at Carnegie Mellon University. The research was supported by contract N00014-86-K-00167 from the Office of Naval Research and by grant IST-8520359 from the National Science Foundation",G Hinton,1990,Machine Learning,陆皓喆,Connectionist learning procedures,Geoffrey E. Hinton,1989,0,引用格式出现问题，原文链接为：https://www.sciencedirect.com/science/article/abs/pii/0004370289900490
AAAI,2025,966,SuRe: Improving Open-domain Question Answering of LLMs via Summarized Retrieval,J Kim;J Nam;S Mo;J Park;S.-W Lee;M Seo;J.-W Ha;J Shin,2023,The Twelfth International Conference on Learning Representations,胡雨欣,SuRe: Summarizing Retrievals using Answer Candidates for Open-domain QA of LLMs,"Jaehyung Kim, Jaehyun Nam, Sangwoo Mo, Jongjin Park, Sang-Woo Lee, Minjoon Seo, Jung-Woo Ha, Jinwoo Shin",2024,0,参考文献时间有问题，论文题目存在不一致。链接https://openreview.net/forum?id=w4DW6qkRmt
AAAI,2025,1110030,Applications of AI in Industrial Production,Z Taylor;A Smith,2021,IEEE Transactions on Industrial Informatics,陆皓喆,,,,1,找不到这篇文献
AAAI,2025,1110030,Automated Supply Chain Management with AI,S Yao;J Zhao;D Yu;N Du;I Shafran;K Narasimhan;Y Cao;H Zhu;Y Lee;J Ko,2022,React: Synergizing reasoning and acting in language models,陆皓喆,,,,1,找不到这篇文献
AAAI,2025,1110100,Matrix factorization recommender algorithm using trust propagation,Y Acm. Qian,2015,Journal of Chongqing University of Arts and Sciences,陆皓喆,,,,1,找不到这篇文献
AAAI,2025,1110134,Addressing AI Biases in Language Processing,J Smith,2019,Journal of AI Research,陆皓喆,,,,1,找不到这篇文献
AAAI,2025,1110181,Adaptive noise reduction method for sound sources based on acoustic imaging,S Hershey;S Chaudhuri;D Ellis;J Gemmeke;A Jansen;R Moore;M Plakal;D Platt;R Saurous;B Seybold;M Slaney;R Weiss;K Wilson,2017,"IEEE International Conference on Acoustics, Speech and Signal Processing",陆皓喆,,,,1,找不到这篇文献
AAAI,2025,1110260,Efficient Seizure Detection with Wrist-Worn Wearable and Self-Supervised Pretraining,A Spahr;C.-E Bardyn;A Bernini;P Ryvlin,2023,Modern computer algebra,陆皓喆,,,,1,找不到这篇文献
AAAI,2025,1110305,Traditional Denoising Methods in Rendering,M Zwicker,2015,ACM Transactions on Graphics,陆皓喆,,,,1,找不到这篇文献
AAAI,2025,1110422,Generalization Capabilities of VLA Models in Diverse Robotic Tasks,C Brown;D Green,2024,Robotics and Autonomous Systems,陆皓喆,,,,1,找不到这篇文献
AAAI,2025,1110464,Ensemble classification-based vessel segmentation in retinal images using a novel vesselness enhancement method,M Fraz;S Barman;P Remagnino;A Hoppe;A Rudnicka;C Owen,2014,Annals of the British Machine Vision Association,陆皓喆,,,,1,找不到这篇文献
AAAI,2025,1110470,Deep architecture of Kolmogorov-Arnold representation,G.-B Huang;L Zhao;Y Song,2014,IJCNN,陆皓喆,,,,1,找不到这篇文献
AAAI,2025,1110470,Towards theory of deep learning on graphs: Optimization landscape and train ability of Kolmogorov-Arnold representation,G.-B Huang;L Zhao;Y Xing,2017,Neurocomputing,陆皓喆,,,,1,找不到这篇文献
AAAI,2025,1110470,Deep Kolmogorov-Arnold representation for learning dynamics,X Liang;L Zhao;G.-B Huang,2018,Access,陆皓喆,,,,1,找不到这篇文献
AAAI,2025,1110526,Data Privacy in IoT: Challenges and Solutions,D Nguyen,2021,Proceedings of the 2021 Workshop on IoT Security,陆皓喆,,,,1,找不到这篇文献
AAAI,2025,1110788,FB-OCC: Forward-Backward View Transformations for Occupancy Prediction,Z Li;Z Yu;W Wang;A Anandkumar;T Lu;J Alvarez;Q Lian;Y Xu;W Yao;Y Chen;T Zhang,2023,European Conference on Computer Vision,陆皓喆,FB-OCC: 3D Occupancy Prediction based on Forward-Backward View Transformation,"Zhiqi Li, Zhiding Yu, David Austin, Mingsheng Fang, Shiyi Lan, Jan Kautz, Jose M. Alvarez",2023,0,https://arxiv.org/abs/2307.01492
AAAI,2025,1110802,Segmentation outside the cranial vault challenge,B Landman;Z Xu;J Igelsias;M Styner;T Langerak;A Klein,2015,MICCAI: multi Atlas labeling beyond cranial vault-workshop challenge,陆皓喆,,,,1,找不到这篇文献
AAAI,2025,1110865,"A comprehensive review on food computational approaches: Models, applications, and challenges",W Min;W Jiang,2019,Trends in Food Science & Technology,陆皓喆,,,,1,找不到这篇文献
AAAI,2025,1110915,Enhancing Accessibility: Conversational Systems for Individuals with Physical Disabilities,A Brown;J Smith,2021,Assistive Technology Journal,陆皓喆,,,,1,找不到这篇文献
AAAI,2025,1110915,The Importance of Emotional Support for Patients with Disabilities,S Davies;M Murphy;G Judd,2021,Disability Studies Quarterly,陆皓喆,,,,1,找不到这篇文献
AAAI,2025,1110915,Doctor's empathic communication and patients' somatization: A randomized controlled trial,E Giroldi;W Veldhuijzen;C Leijten;D Welter;T Van Der Weijden;J Muris;C Van Der Vleuten;A Kester,2019,Journal of Family Practice,陆皓喆,,,,1,找不到这篇文献
AAAI,2025,1110915,Conversational Agents in Daily Living: A Survey,R Johnson;S Davis,2019,Journal of Assistive Technologies,陆皓喆,,,,1,找不到这篇文献
AAAI,2025,1110915,Empowering individuals with disabilities: Perspectives on assistance and support,D Noll;J Mah;L May,2018,International Journal of Environmental Research and Public Health,陆皓喆,,,,1,找不到这篇文献
AAAI,2025,1110915,Communicating empathy in medical interviews,C Rogers;R Farson,1975,The Journal of the American Medical Association,陆皓喆,,,,1,找不到这篇文献
AAAI,2025,1110971,Integrating medical ontologies into clinical decision support systems using knowledge-based AI models,S Chandak;M Barzilai;J Cheng,2021,Journal of Healthcare Informatics Research,陆皓喆,,,,1,找不到这篇文献
AAAI,2025,1110971,Measuring Semantic Similarity in Health Conversations Using BERT,T Chen;D Chen;L Sun,2020,IEEE Journal of Biomedical and Health Informatics,陆皓喆,,,,1,找不到这篇文献
AAAI,2025,1110971,Enhancing Clinical Decision Support Systems with Knowledge-Based AI Models,H Jiang;W Liu;S Gao,2020,IEEE Access,陆皓喆,,,,1,找不到这篇文献
AAAI,2025,1111208,Exponentially Improved Truthful Combinatorial Auctions with Submodular Bidders,S Assadi;S Singla,2019,Proceedings of the Sixtieth Annual IEEE Foundations of Computer Science (FOCS),陆皓喆,Improved Truthful Mechanisms for Combinatorial Auctions with Submodular Bidders,"SEPEHR ASSADI
SAHIL SINGLA",2020,0,题目错误 https://www.sigecom.org/exchanges/volume_18/1/ASSADI.pdf
AAAI,2025,1111228,Interpretable machine learning -A Guide for Making Black Box Models Explainable. 2 edition,C Molnar;M Nauta;J Schl?tterer;M Van Keulen;C Seifert,2022,IEEE/CVF Conference on Computer Vision and Pattern Recognition -CVPR 2023,陆皓喆,,,,1,找不到这篇文献
AAAI,2025,1111239,A note on the delta-method for finding variance formulae,R Dorfman,1938,Biometric Bulletin,陆皓喆,,,,1,找不到这篇文献
AAAI,2025,1111284,California new Autobot Law,C Governor,2018,Cal. Bus. & Prof. Code §,陆皓喆,,,,1,找不到这篇文献
AAAI,2025,1111295,"Communication, Simulation, and Intelligent Agents: Implications of Personal Intelligent Machines for Medical Education",W Clancey,1983,Proceedings of the Eighth International Joint Conference on Artificial Intelligence (IJCAI-83),陆皓喆,,,,1,找不到这篇文献
AAAI,2025,1111328,The connection of chemical constitution and physiological action,A Crum-Brown;T Fraser,1865,Trans R Soc Edinb,陆皓喆,On the Connection between Chemical Constitution and Physiological Action,,,0,题目错误
AAAI,2025,1111476,Threshold matrices and the state assignment problem for neural nets,A Dewdney,1977,"Proceedings of the 8th SouthEastern Conference on Combinatorics, Graph Theory and Computing",陆皓喆,,,,1,找不到这篇文献
AAAI,2025,1111649,"An analysis of the challenges associated with hallucinations in large models and strategies to mitigate them, with a focus on healthcare applications",R;S Fackler;;;James,2023,Critical Care,陆皓喆,,,,1,找不到这篇文献
AAAI,2025,1111716,Scene Graph to Image Synthesis: Integrating CLIP Guidance with Graph Conditioning in Diffusion Models,R Mishra;A Subramanyam;G Mittal;S Agrawal;A Agarwal;S Mehta;T Marwah,2024,Interactive image generation using scene graphs,陆皓喆,,,,1,找不到这篇文献
AAAI,2025,1111760,Content-aware reference frame selection for efficient video compression,Y Wu;Z Chen;Y Wen;H Huang;H Yuan,2022,IEEE Transactions on Image Processing,陆皓喆,,,,1,找不到这篇文献
AAAI,2025,1112380,Churn prediction using complaints data,J Hadden;A Tiwari;R Roy;D Ruta,2006,"Proceedings of world academy of science, engineering and technology",陆皓喆,,,,1,找不到这篇文献
AAAI,2025,1112425,Towards Robust Test-Time Adaptation for Open-Set Recognition,Z Zhou;D.-C Zhang;Y.-F Li;M.-L Zhang,2023,Journal of Software,陆皓喆,,,,1,找不到这篇文献
AAAI,2024,88,O peremeshchenii mass,L Kantorovich,1958,Doklady Akademii Nauk SSSR,李颖贤,,,,1,官网全网都查不到
AAAI,2024,124,Automatic Content Extraction (ACE) Program -Task Definitions and Performance Measures,E Hovy;T Mitamura;F Verdejo;J Araki;A Philpot;Acl;S Huang;S Strassel;A Mitchell;Z Song,2013,"Workshop on Events: Definition, Detection, Coreference, and Representation",陆皓喆,"The automatic content extraction (ace) program-tasks, data, and evaluation","Doddington, George R and Mitchell, Alexis and Przybocki, Mark A and Ramshaw, Lance A and Strassel, Stephanie M and Weischedel, Ralph M and others",2004,0,引用出现错误 https://course.ccs.neu.edu/csg224/resources/muc/ACE.pdf
AAAI,2024,144,Strumenti di valutazione di abilit e motivazione allo studio per studenti dagli 8 ai 15 anni,C Cornoldi;R De Beni;C Zamperlin;C Meneghetti,2005,Assessment of the study skills and motivation,李颖贤,Abilità e motivazione allo studio: prove di valutazione per ragazzi dagli 8 ai 15 anni,Cesare Cornoldi， Rossana De Beni，Claudia Zamperlin，Chiara Meneghetti,2005,0,图书类，但是书名错误
AAAI,2024,269,Reduction of a game with complete memory to a matrix game,I Romanovskii,1962,Soviet Mathematics,李颖贤,,,,1,官网全网都查不到
AAAI,2024,350,h-swish: Hybrid Activation Function for Deep Neural Networks,A Howard;M Sandler;G Chu;L.-C Chen;B Chen;M Tan;W Wang;Y Zhu;R Pang;V Vasudevan;Q Le;H Adam,2019,Proceedings of the IEEE Conference on Computer Vision and Pattern Recognition (CVPR),胡雨欣,Searching for MobileNetV3,Andrew Howard Mark Sandler Grace Chu Liang-Chieh Chen Bo Chen Mingxing Tan Weijun Wang Yukun Zhu Ruoming Pang Vijay Vasudevan Quoc V. Le Hartwig Adam,2019,0,文章论文题目出现问题，不存在这样的题目，发表期刊出现问题。原文链接为https://arxiv.org/pdf/1905.02244
AAAI,2024,479,Identifying Critical Regions for Motion Planning using Auto-Generated Saliency Labels with Convolutional Neural Networks,D Molina;K Kumar;S Srivastava,2020,ICRA,陆皓喆,Learn and Link: Learning Critical Regions for Efficient Planning,"Daniel Molina, Kislay Kumar, Siddharth Srivastava",2020,0,链接：https://arxiv.org/abs/1903.03258v1 但是这个是论文的第一个版本 后面作者把这个论文修改了版本后 论文名称变化了 所以引用错误
AAAI,2024,504,La théorie du jeu et les équations intégralesa noyau symétrique,E Borel,1921,Comptes rendus de l'Académie des Sciences,李颖贤,,,,1,官网全网查不到
AAAI,2024,687,Nonparametric Causal Discovery via Fused Score Regression,G Cheng;J Fan;Y Liao,2019,Proceedings of the International Conference on Machine Learning (ICML),李颖贤,,,,1,
AAAI,2024,1110197,BA-CON.4: The discovery of intrinsic properties,G Bradshaw;P Langley;H Simon,1980,Proceedings of the Third Biennial Conference of the Canadian Society for Computational Studies of Intelligence,陆皓喆,,,,1,没有这个文章
AAAI,2024,1110215,An Explorative Study for Federated Learning-based AI Sharing Platform Development Methodology,Y Piao;Y Qiu;B Jeong;K Lee,2023,Proceedings of the 24th International Conference on Electronic Commerce,陆皓喆,,,,1,没有这个文章
AAAI,2024,1110259,Appreciation of ouyang xun's" ninety percent palace feels ashamed springs inscription retraces reprint instructions" inscription,Y Qiu,2023,Beauty and Times (Medium),陆皓喆,,,,1,没有这个文章
AAAI,2024,1110794,Hierarchical Cross-Modality Disentanglement for Visible-Infrared Person Re-Identification,S Choi;S Lee;Y Kim;T Kim;C Kim;-C,2020,Proceedings of the IEEE/CVF Conference on Computer Vision and Pattern Recognition,陆皓喆,Hi-CMD: Hierarchical Cross-Modality Disentanglement for Visible-Infrared Person Re-Identification,S Choi;S Lee;Y Kim;T Kim;C Kim;-C,2019,0,题目出现错误 链接：https://arxiv.org/abs/1912.01230
AAAI,2024,1110878,Design considerations for a functional programming language,R Burstall,1977,Proc. Infotech State of the Art Conf. "The Software Revolution",陆皓喆,,,,1,没有这个文章
AAAI,2024,1110911,The Identification of the Qualification of Enjoying the Unemployment Insurance in China,F Wang,2001,Journal of Anshan Teachers College,陆皓喆,,,,1,没有这个文章
AAAI,2024,1111060,Deductive Software Verification -The KeY Book -From Theory to Practice,W Ahrendt;B Beckert;R Bubel;R H?hnle;P Schmitt,2016,LNCS,陆皓喆,,,,1,找不到这篇文献
AAAI,2024,1111122,Varianceinvariance-covariance regularization for self-supervised learning,A Bardes;J Ponce;Y Lecun,2022,Vicreg,陆皓喆,VICReg: Variance-Invariance-Covariance Regularization for Self-Supervised Learning,A Bardes;J Ponce;Y Lecun,2022,0,https://arxiv.org/abs/2105.04906v3 名字错了
AAAI,2024,1111370,Class-Action Lawsuit Filed Against Stability AI,J Lang,2023,"Midjourney, DeviantArt. Cartoon Brew",陆皓喆,,,,1,没有这个文章
AAAI,2024,1111390,DUCK: Rumour Detection by Modelling User and Comment Propagation Networks,L Tian;X Zhang;J Lau,2022,NAACL,陆皓喆,DUCK: Rumour Detection on Social Media by Modelling User and Comment Propagation Networks,L Tian;X Zhang;J Lau,2022,0,https://aclanthology.org/2022.naacl-main.364.pdf 名字错误了
AAAI,2024,1111549,SwAV: Unsupervised Learning of Features by Swapping Across Views,T Bell;M Caron;P Bojanowski;A Joulin;M Douze,1995,European Conference on Computer Vision,陆皓喆,,,,1,没有这个文章
AAAI,2024,1111549,Vconv-DAE: 3D shape segmentation via volumetric convolutional autoencoder,K Dovrat,2021,IEEE Transactions on Pattern Analysis and Machine Intelligence,陆皓喆,,,,1,没有这个文章
AAAI,2024,1111549,S3DIS: Self-Supervised 3D Scene Representation via Inverse Dynamics,J Huang;Y Hao;W Zhang;Y Liu,2020,Proceedings of the IEEE/CVF Conference on Computer Vision and Pattern Recognition (CVPR),陆皓喆,,,,1,没有这个文章
AAAI,2024,1111549,Prior3D: Point Cloud Prior for 3D Object Recognition,X Liu;B Li,2020,Proceedings of the IEEE/CVF Conference on Computer Vision and Pattern Recognition,陆皓喆,,,,1,没有这个文章
AAAI,2024,1111549,"JigSaw: A large-scale, low-cost, and high-accuracy annotation framework for 3D object instance detection",C Qi;W Liu;C Wu;H Su;L Guibas,2018,Proceedings of the IEEE Conference on Computer Vision and Pattern Recognition (CVPR),陆皓喆,,,,1,没有这个文章
AAAI,2024,1111549,SeedCon: Unsupervised Point Cloud Object Segmentation with Data-Efficient Seed Consensus,J Sun;Y Wang;W Zhang;Z Zhou;T Kong;L Li,2021,Proceedings of the IEEE/CVF Conference on Computer Vision and Pattern Recognition (CVPR),陆皓喆,,,,1,没有这个文章
AAAI,2024,1111549,OcCo: Occupancy-aware 3D convolutional networks for indoor/outdoor semantic segmentation,Y Wang,2020,CVPR,陆皓喆,,,,1,没有这个文章
AAAI,2024,1111549,Scalable shape retrieval with a family of path-based convolutional neural networks,L Yi;H Su;X Guo;L Guibas,2016,CVPR,陆皓喆,,,,1,找不到这篇文献
AAAI,2024,1111549,Simple view for point cloud recognition,Y Zhang;Z Liu;Y Zhou;H Qi,2020,NeurIPS,陆皓喆,,,,1,没有这个文章
AAAI,2024,1111568,AugMix: A Simple Method to Improve Robustness and Uncertainty under Data Shift,D Hendrycks;N Mu;E Cubuk;B Zoph;J Gilmer;B Lakshminarayanan,2020,International Conference on Learning Representations,陆皓喆,,,,1,没有这个文章
AAAI,2024,1111605,Towards Robust Test-Time Adaptation for Open-Set Recognition,Z Zhou;D.-C Zhang;Y.-F Li;M.-L Zhang,2023,Journal of Software,陆皓喆,,,,1,没有这个文章
AAAI,2023,7,AugMix: A Simple Method to Improve Robustness and Uncertainty under Data Shift,* Hendrycks;D Mu;*;N Cubuk;E Zoph;B Gilmer;J Lakshminarayanan;B,2020,International Conference on Learning Representations,陆皓喆,AugMix: A Simple Data Processing Method to Improve Robustness and Uncertainty,"Dan Hendrycks, Norman Mu, Ekin D. Cubuk, Barret Zoph, Justin Gilmer, Balaji Lakshminarayanan",2019,1,链接：https://iclr.cc/virtual_2020/poster_S1gmrxHFvB.html 文章名字出现了问题
AAAI,2023,378,A topological property of real analytic subsets,S Lojasiewicz,1963,Les équations aux dérivées partielles,陆皓喆,,,,1,找不到这篇文献
AAAI,2023,449,sharpSAT-Counting Models with Advanced Component Caching and Implicit BCP,M Thurley,2006,Proceedings of International Conference on Theory and Applications of Satisfiability Testing (SAT),陆皓喆,sharpSAT: counting models with advanced component caching and implicit BCP,Marc Thurley,2006,0,论文名字打错了
AAAI,2023,518,Apple's "differential privacy" is about collecting your data -but not your data. Wired,K Grauman;T Darrell,2004,CVPR,陆皓喆,,,,1,找不到这个文献
AAAI,2023,696,AugMix: A Simple Method to Improve Robustness and Uncertainty under Data Shift,D Hendrycks;N Mu;E Cubuk;B Zoph;J Gilmer;B Lakshminarayanan,2020,International Conference on Learning Representations,陆皓喆,AugMix: A Simple Data Processing Method to Improve Robustness and Uncertainty,"Dan Hendrycks, Norman Mu, Ekin D. Cubuk, Barret Zoph, Justin Gilmer, Balaji Lakshminarayanan",2020,0,https://openreview.net/forum?id=S1gmrxHFvB
AAAI,2023,764,Is that a boy or a girl? Exploring a neural network's construction of gender,K Rodden,2017,Medium,陆皓喆,,,,1,找不到这篇文献
AAAI,2023,825,Pedagogical value of the body and physical activity in childhood,T D'isanto,2016,Sport Science,陆皓喆,,,,1,找不到这篇文献
AAAI,2023,834,En valteknisk studie. Svenska sp?rsm?l 25,E Phragmén;L Elkind;E Lackner;M Fernández;N Fisteus;J Val;P Skowron;P,2017,Proceedings of the 31st Conference on Artificial Intelligence (AAAI-2017,陆皓喆,,,,1,在17年的AAAI里面找不到这篇文献
AAAI,2023,845,"Communication, Simulation, and Intelligent Agents: Implications of Personal Intelligent Machines for Medical Education",W Clancey,1983,Proceedings of the Eighth International Joint Conference on Artificial Intelligence (IJCAI-83),陆皓喆,,,,1,虚假文献 在IJCAI-83里面找不到这个文章
AAAI,2023,1110335,A Survey on Algorithms for Epidemic Source Identification on Complex Networks [J],C Huang;X Liu;M Deng;Y Zhou;D Bu,2018,Chinese Journal of Computers,陆皓喆,,,,1,没有这个文章
AAAI,2023,1110411,Using machine learning to understand racial and socioeconomic differences in knee pain,E Pierson;D Cutler;J Leskovec;S Mullainathan;Z Obermeyer,2019,NBER Machine Learning and Healthcare Conference,陆皓喆,,,,1,没有这个文章
AAAI,2023,1110981,Machine sampling from given probability distributions,J Butler,1956,Symposium on Monte Carlo Methods,陆皓喆,,,,1,没有这个文章
AAAI,2023,1110989,Optimizing AUC with support vector machine,A Rakotomamonjy,2004,European Conference on Artificial Intelligence Workshop on ROC Curve and AI,陆皓喆,,,,1,没有这个文献
AAAI,2022,140,Sales drop in major auto markets during January,C Tayyeba Irum;I Tsapakis;T Cheng;A Bolbol,2020,Journal of Transport Geography,陆皓喆,,,,1,找不到这篇文献
AAAI,2022,351,The use of knowledge in discourse processing: A construction-incrementation model,"Kintsch, W",1988,Psychological Review,胡雨欣,The role of knowledge in discourse comprehension: A construction-integration model.,"Kintsch, W.",1988,0,"标题use应为role，但是经过查找，这个不属于错误，Pages出错，应该是95(2), 163–182。原文链接为https://psycnet.apa.org/record/1988-28529-001"
AAAI,2022,798,Belief function and parametric models (with discussion),G Shafer,1982,J. Roy. Statist. Soc. Ser. B,陆皓喆,Belief function and parametric models,G Shafer,1982,0,https://www.glennshafer.com/assets/downloads/articles/article09_belief3.pdf 但是标题有点问题
AAAI,2022,1110037,AugMix: A Simple Method to Improve Robustness and Uncertainty under Data Shift,* Hendrycks;D Mu;*;N Cubuk;E Zoph;B Gilmer;J Lakshminarayanan;B Hendrycks;D Zhao;K Basart;S Steinhardt;J Song;D,2020,Natural Adversarial Examples. Conference on Computer Vision and Pattern Recognition,陆皓喆,,,,1,没有这个文献
AAAI,2022,1110073,Minimizing the quadratic form on a convex set,E Gilbert,1966,SIAM J. Control,陆皓喆,An Iterative Procedure for Computing the Minimum of a Quadratic Form on a Convex Set,E Gilbert,1966,0,https://epubs.siam.org/doi/abs/10.1137/0304007?journalCode=sjcodc.2
AAAI,2022,1110578,Supervising organizational health,J Lyden;W Klingele,2000,Supervision,陆皓喆,,,,1,没有这个文献
AAAI,2021,717,Conditional logit analysis of quantitative response models,D Mcfadden,1974,Frontiers in Econometrics,胡雨欣,Conditional logit analysis of qualitative choice behavior,Daniel McFadden,1974,0,能够找到文章的原名为Conditional logit analysis of qualitative choice behavior，pdf链接为https://eml.berkeley.edu/reprints/mcfadden/zarembka.pdf
AAAI,2021,725,League tables of in vitro fertilisation clinics: How confident can we be about the rankings,E Marshall;D Spiegelhalter,1998,British Medical Journal,胡雨欣,Reliability of league tables of in vitro fertilisation clinics: retrospective analysis of live birth rates,"Marshall, E. C. Spiegelhalter, D. J",1998,0,文章真实标题不对，引用使用的标题是人们对这篇研究常用的描述方式。文章原链接为https://www.bmj.com/content/316/7146/1701/submit-a-rapid-response
AAAI,2021,1110010,Multi-document summary using LDA and spectral clustering,F Ling;Z Hui,2013,Computer Engineering & Applications,陆皓喆,,,,1,没有这个文献
AAAI,2021,1110030,Critical values and probability levels for the Wilcoxon rank sum test and the Wilcoxon signed rank test,F Wilcoxon;S Katti;R Wilcox,1970,Selected tables in mathematical statistics,陆皓喆,,,,1,没有这个文献
AAAI,2021,1110050,"This number originates from a keynote talk by Phil Ydens, Adobe's VP Engineering for Docu",A Vaswani;N Shazeer;N Parmar;J Uszkoreit;L Jones;A Gomez;L Kaiser;I Polosukhin;I Guyon;U Luxburg;S Bengio;H Wallach;R Fergus;S Vishwanathan;R Garnett;X Zhong;J Tang;A Yepes,2017,2019 International Conference on Document Analysis and Recognition (ICDAR),陆皓喆,,,,1,没有这个文献
AAAI,2021,1110259,A Random Under-Sampled Deep Architecture with Medical Event Embedding: Highly Imbalanced Rare Disease Classification with EHR Data,Y Hu;F Chen;Y Cai;Y Yuan,2019,International Conference on Data Science (ICDATA'19),陆皓喆,,,,1,没有这个文献
AAAI,2021,1110421,Prediction of parking availability in car parks using sensors and IoT: SPS,S Shinde;S Bhagwat;S Pharate;V Paymode,2016,International Journal of Engineering Science and Computing,陆皓喆,,,,1,没有这个文献
AAAI,2021,1110425,"Modeling Parts, Structure, and System Dynamics via Predictive Learning",Z Liu;J Wu;Z Xu;C Sun;K Murphy;W Freeman;J Tenenbaum,2019,International Conference on Learning Representations,陆皓喆,,,,1,没有这个文献
AAAI,2021,1110482,Measurement and Application of Chinese Component Semantic Ability Based on Distributed Representation,S Liang;X Tang;R Hu;J Wu;Z Liu,2019,CCL,陆皓喆,,,,1,没有这个文献
AAAI,2021,1110491,Robust Black Box Explanations Under Distribution Shift,H Lakkaraju;N Arsov;O Bastani,2020,International Conference on Machine Learning (ICML),陆皓喆,,,,1,没有这个文献
AAAI,2021,1110607,HIV/AIDS among Persons Experiencing Homelessness,H Narasimhan;D Parkes;Y Singer,2015,Advances in Neural Information Processing Systems,陆皓喆,,,,1,没有这个文献
AAAI,2021,1110734,Universal trigger sequences for attacking and analyzing NLP,E Wallace;S Feng;N Kandpal;M Gardner;S Singh,2019,Proceedings of the 2019 Conference on Empirical Methods in Natural Language Processing,陆皓喆,,,,1,没有这个文献
AAAI,2020,663,Multi-task learning of keyphrase boundary detection,I Augenstein;S Ruder;A S?gaard,2017,ACL,胡雨欣,Multi-Task Learning of Keyphrase Boundary Classification,Isabelle Augenstein、Anders S?gaard,2017,0,引用中作者为三人，但是实际文章中只有两个作者，原文链接为https://aclanthology.org/P17-2054.pdf
AAAI,2020,1110069,Introspective learning for discriminative classification,L Jin;J Lazarow;Z Tu,2017,Advances in Neural Information Processing Systems,陆皓喆,,,,1,没有这个文献
AAAI,2020,1110088,Introduction of coastal water temperature forecasting method for aquaculture in tohoku region,K Nakagawa;Y Fukuda;H Kaneko,2018,Weather service bulletin,陆皓喆,,,,1,没有这个文献
AAAI,2020,1110298,Social Planning -Reasoning with and about others,T Miller,2017,Invited Talk at IJCAI Workshop on Impedance Matching in Cognitive Partnerships,陆皓喆,,,,1,没有这个文献
AAAI,2020,1110438,User interest related information diffusion pattern mining in microblog,Acm Hao;Z Huang;C Cai;R Wen;W Huang;Y Chen;B,2016,Pattern Recognition and Artificial Intelligence,陆皓喆,,,,1,没有这个文献
ICML,2025,ZuaU2bYzlc,Towards private synthetic text generation,R Bommasani;W Schofield;X,2019,NeurIPS 2019 Machine Learning with Guarantees Workshop,李佳璐,Towards private synthetic text generation,"Bommasani, R., W. S. and Schofield, X",2019,1,未检索到
ICML,2025,zkGfPYAM5D,"Ableitung der elementarteilertheorie aus der gruppentheorie, nachrichten der 27 januar 1925",E Noether,1926,Jahresbericht Deutschen Math. Verein.(2. Abteilung),李佳璐,Ableitung der elementarteilertheorie aus der gruppentheorie,"Noether, E.",1926,1,年份过早，未检索到，且未找到相关引用
ICML,2025,RKbanvzycr,On the minimum computation time for multiplication,S Cook,1966,"Doctoral diss., Harvard U",李佳璐,On the minimum computation time for multiplication,"Cook, S.",1966,1,可能为一篇博士论文，未检索到，且未找到相关引用
ICML,2025,goVzfYtj58,Fast Multi-level Tiny Time Mixers for Improved Zero-shot and Few-shot Forecasting of Multivariate Time Series,V Ekambaram;A Jati;N Nguyen;P Dayama;C Reddy;W Gifford;J Kalagnanam;Ttms,2024,Advances in Neural Information Processing Systems,李佳璐,TTMs: Fast Multi-level Tiny Time Mixers for Improved Zero-shot and Few-shot Forecasting of Multivariate Time Series,"Ekambaram, V., Jati, A., Nguyen, N. H., Dayama, P., Reddy, C., Gifford, W. M., and Kalagnanam, J.",2024,1,未检索到
ICML,2025,XEYoTQv00G,Une propriété topologique des sousensembles analytiques réels,S Lojasiewicz,1963,Les équations aux dérivées partielles,李佳璐,Une propriété topologique des sous-ensembles analytiques réels,"Lojasiewicz, S.",1963,1,未检索到
ICML,2025,vhjuemZuRU,Encoding and decoding images as implicit neural fields using data augmentation,Z Chen;S Wang;C Liu;T Yang;B Dai;D Lin;Transinr,,Advances in Neural Information Processing Systems (NeurIPS),李佳璐,Transinr: Encoding and decoding images as implicit neural fields using data augmentation,"Chen, Z., Wang, S., Liu, C., Yang, T., Dai, B., and Lin, D.",2021,1,未检索到
ICML,2025,A82tIFgJaK,Explorations in geometry-aware neural networks for learning hyperspherical embeddings,L Falorsi;N De Cao;P Liò,2018,International Conference on Learning Representations,李佳璐,Explorations in geometry-aware neural networks for learning hyper spherical embedding,"Falorsi, L., De Cao, N., Lio, P., and et al.",2018,1,未检索到，也无相关引用
ICML,2025,A82tIFgJaK,Antigen design using generative diffusion models,X Luo;J Wang;H Tang,2021,Proceedings of the National Academy of Sciences,李佳璐,Antigen design using generative diffusion models,"Luo, X., Wang, J., and Tang, H.",2021,1,未检索到，也无相关引用
ICML,2025,A82tIFgJaK,Student-t distribution-based robust loss functions,H Matsubara;M Imai,2021,Proceedings of the Conference on Computer Vision and Pattern Recognition,李佳璐,Student-t distribution-based robust loss functions,"Matsubara, H. and Imai, M.",2021,1,未检索到，也无相关引用
ICML,2025,CVQwQp9V1D,Integrating raft-based optical flow with appearance models for multi-object tracking,K Zhang;J Wang;X Chen;Y Yang;Dualflow,2022,Proceedings of the IEEE/CVF Winter Conference on Applications of Computer Vision,李佳璐,Dualflow: Integrating raft-based optical flow with appearance models for multi-object tracking,"Zhang, K., Wang, J., Chen, X., and Yang, Y.",2020,1,未检索到，也无相关引用
ICML,2025,d6CTIPrTTC,Round-off errors in numerical integration on automatic machinery-preliminary report,G Forsythe,1950,Bull. Amer. Math. Soc,李佳璐,"
Round-off errors in numerical integration on automatic machinery-preliminary report","Forsythe, G. E.",1950,1,未检索到，且无相关引用
ICML,2025,EMHED4WTHT,Quantifying input uncertainty in stochastic optimization,H Lam;E Zhou,2015,2015 Winter Simulation Conference,李佳璐,Quantifying input uncertainty in stochastic optimization,"Lam, H. and Zhou, E.",2015,1,未检索到，且无相关引用
ICML,2025,JblpkLmvPg,Citeseer: A citation index for computer science,D Senior;A Sandeep,2010,Journal of Computer Science,李佳璐,"
Citeseer: A citation index for computer science","Senior, D. and Sandeep, A.",2010,1,未检索到，也无相关引用
ICML,2025,efWv8jOBkb,Adaptive optimization in the infinitwidth limit,E Littwin;G Yang,2022,The Eleventh International Conference on Learning Representations,李佳璐,Adaptive optimization in the infinit-width limit,"Littwin, E. and Yang, G.",2022,0,参考文献题目有误，Adaptive Optimization in the $\infty$-Width Limit ，参考文献年份为2023 https://openreview.net/forum?id=zgVDqw9ZUES
ICML,2025,avGZE46gL6,f8f06494c97b1afccf3-Paper. pdf,I Goodfellow;J Pouget-Abadie;M Mirza;B Xu;D Warde-Farley;S Ozair;A Courville;Y Bengio;K Gregor;I Danihelka;A Mnih;C Blundell;D Wierstra,2014,Proceedings of the 31st International Conference on Machine Learning,李颖贤,,,2014,1,全网找不到
ICML,2025,QWpuqidr53,Attacking Graph Neural Networks at Scale. Deep Learning for Graphs at,S Geisler;D Zügner;A Bojchevski;S Günnemann,2021,AAAI Conference on Artificial Intelligence,李颖贤,Robustness of Graph Neural Networks at Scale,"Simon Geisler, Tobias Schmidt, Hakan ?irin, Daniel Zügner, Aleksandar Bojchevski, Stephan Günnemann",2021,0,题目错误，作者不全，期刊错了
ICML,2025,pyC5idZvjT,Prescriptive machine learning for public policy: The case of immigration enforcement,D Bertsimas;M Fazel-Zarandi,2022,Under review,李颖贤,,,,1,全网搜索无结果
ICML,2025,Y861SAkeCQ,harmbenchuage models with language models,E Perez;S Huang;F Song;T Cai;R Ring;J Aslanides;A Glaese;N Mcaleese;G Irving,2022,Proceedings of the 2022 Conference on Empirical Methods in Natural Language Processing,李颖贤,Red Teaming Language Models with Language Models,"Perez, Ethan and Huang, Saffron and Song, Francis and Cai, Trevor and Ring, Roman and Aslanides, John and Glaese, Amelia and
McAleese, Nat and Irving, Geoffrey",2022,0,题目错误
ICML,2025,19kqoNoc2N,Per-domain PPL of models trained with our weights and with weights in grid search,,,Model Scale IF Math Code Ours Best Ours Best Ours Best Qwen,李颖贤,Lima: Less is more foralignment,"Chunting Zhou, Pengfei Liu, Puxin Xu, Srini Iyer, Jiao Sun, Yuning Mao, Xuezhe Ma, Avia Efrat, Ping Yu, Lili Yu, Susan Zhang, Gargi Ghosh, Mike Lewis, Luke Zettlemoyer, Omer Levy",2023,0,年份不对
ICML,2025,HV8vZDDoYc,Proteomics and the analysis of protein phosphorylation,A Hoofnagle;K Resing,2001,Current Opinion in Biotechnology,陆皓喆,,,,1,在期刊检索不到这一篇论文
ICML,2025,kmg7hweySi,The effects of neural resource constraints on early visual representations,J Lindsey;S Ocko;S Ganguli;S Deny,2019,International Conference on Learning Representations,陆皓喆,,,,1,搜不到这篇文献
ICML,2025,K3lykWhXON,Towards effective sparsification for molecular graph property prediction,Y Peng;R Zhang,2022,Journal of Chemical Information and Modeling,陆皓喆,,,,1,在期刊里检索不到这篇文章
ICML,2025,Ii0DX4U439,Incremental multilabel learning with dual knowledge distillation,Y Liu;W Feng;J Sun;X Zhang,2022,IEEE Transactions on Neural Networks and Learning Systems,陆皓喆,,,,1,搜不到这一篇文献 https://cis.ieee.org/search?5cfd19cf9520f60115b4cb7412cab10d=1&q=Incremental+multilabel+learning+with+dual+knowledge+distillation
ICML,2025,Ii0DX4U439,Adaptive emotion recognition through progressive knowledge distillation,H Wang;L Zhang;X Li;G Zhao,2023,IEEE Transactions on Affective Computing,陆皓喆,,,,1,在期刊中检索不到这篇文章
ICML,2025,Ii0DX4U439,Meta-learning for adaptive emotion recognition in dynamic environments,K Zhang;F Liu;M Liu;J Yang,2022,Proceedings of the 30th ACM International Conference on Multimedia,陆皓喆,,,,1,在期刊中检索不到这篇文章
ICML,2025,VSIjdKPGp8,Emergent individuality in multi-agent systems through observation-identity mapping,Y Jiang;H Lu,2021,Journal of Artificial Intelligence Research (JAIR),陆皓喆,,,,1,检索不到这篇文献
ICML,2025,FyiTRWgBR3,Gini index and decision tree method with mitigating random consistency,J Wang;F Li;J Li;Y Qian;J Liang,2024,Science China Information Sciences,陆皓喆,,,,1,在Science China Information Sciences 里面搜不到这篇文献
ICML,2025,FyiTRWgBR3,On the effectiveness of the softmax loss for deep learning,S Rangapuram;Y Seldin;S Bubeck,2018,Proceedings of the 35th International Conference on Machine Learning,陆皓喆,,,,1,在期刊中没有检索到这篇文献
ICML,2025,7UqNM85dD6,Gbert: A pre-trained graph-based transformer for modeling drug-drug interactions,X Peng;B Li;Y Zhao;Y Zhang;F He;T Jiang,2021,Bioinformatics,陆皓喆,,,,1,在期刊里找不到这个文献
ICML,2025,e46xNZhwl8,über die "ganzzahligkeit" der atomgewichten und ververwandte fragen,R Von Mises,1918,Physical Journal,陆皓喆,,,,1,太古早了，搜不到相关的文献
ICML,2025,7Tp9zjP9At,A small 6-chromatic unit-distance graph in R3,A De Grey,2020,Geombinatorics Quarterly,陆皓喆,,,,1,找不到这篇文献
ICML,2025,jwjvkWsePB,Connectivity challenges in leo satellite networks,L Brown;M Green,2021,IEEE Transactions on Aerospace and Electronic Systems,陆皓喆,,,,1,在官网里面检索不到
ICML,2025,jwjvkWsePB,Internet of things: Addressing sporadic connectivity,H Kim;Y Chen,2019,IEEE Internet of Things Journal,陆皓喆,,,,1,在官网里面检索不到
ICML,2025,jwjvkWsePB,Connectivity solutions for autonomous vehicles in isolated regions,K Lee;S Park,2020,Proceedings of the International Conference on Autonomous Systems,陆皓喆,,,,1,在官网里面检索不到
ICML,2025,jwjvkWsePB,Mobile device connectivity in rural areas,R Taylor;T Nguyen,2018,Journal of Mobile Computing,陆皓喆,,,,1,在官网里面检索不到
ICML,2025,FCm4laCLiH,Towards private synthetic text generation,R Bommasani;Z Wu;A Schofield,2019,NeurIPS 2019 Machine Learning with Guarantees Workshop,陆皓喆,,,,1,没有这篇文献
ICML,2025,GKZySvM2t9,A class of provably good methods for digital watermarking and information embedding,B Chen;G Wornell,2001,IEEE Trans. on Information Theory,陆皓喆,Quantization Index Modulation: A Class of Provably Good Methods for Digital Watermarking and Information Embedding,"Brian Chen, Member, IEEE, and Gregory W. Wornell, Senior Member, IEEE",2001,0,论文标题出现了错误 https://dsp-group.mit.edu/wp-content/uploads/2024/11/QuantizationIndexMod.pdf
ICML,2025,clJIQ4TKR0,Alpacaeval: An automatic evaluator of instruction-following models,X Li;T Zhang;Y Dubois;R Taori;I Gulrajani;C Guestrin;P Liang;T Hashimoto,2023,Advances in Neural Information Processing Systems,陆皓喆,,,,0,论文中的引用是引用了github仓库 但是实际上是有这篇文献的 引用错误 github地址：https://github.com/tatsu-lab/alpaca_eval
ICML,2025,ZwcMZ443BF,Efficiently estimating markovian average treatment effects in infinite-horizon settings,M Uehara;M Imaizumi;N Jiang;N Kallus,2023,Advances in Neural Information Processing Systems (NeurIPS),陆皓喆,,,,1,neurIPS上找不到这篇文献
ICML,2025,NhJ4cCifqF,Fair bandits with guaranteed rewards,A Sinha;Banditq,2024,The 40th Conference on Uncertainty in Artificial Intelligence,陆皓喆,,,,0,https://arxiv.org/html/2304.05219v3
ICML,2025,44gnGhurnZ,Convergence rates of neural networks for supervised learning on manifolds,Z Allen-Zhu;Y Li;Z Song,2019,Advances in Neural Information Processing Systems,陆皓喆,,,,1,不存在这个文献
ICML,2025,44gnGhurnZ,Demystifying the weak performance of graph attention networks,F Wu;A Gomez;Y Tian;J Qiu;J Tang,2023,International Conference on Learning Representations,陆皓喆,,,,1,不存在这个文献
ICML,2025,44gnGhurnZ,Sparsity preserving low-rank decomposition for compression of deep networks,J Zhao;D Park;S Zhang;L Lee;C Yan,2020,Proceedings of the IEEE/CVF Conference on Computer Vision and Pattern Recognition,陆皓喆,,,,1,不存在这个文献
ICML,2025,UFlyLkvyAE,Performers: A new approach to scaling transformers,K Choromanski;M Kuczynski;J Cieszkowski;P Beletsky;K Smith;W Gajewski;G Masson;T Broniatowski;A Gorny;L Kaczmarek;S Andrzejewski,2020,Proceedings of the 37th International Conference on Machine Learning (ICML),陆皓喆,,,,1,不存在这个文献
ICML,2025,UFlyLkvyAE,Structured state space for scalable and efficient sequence modeling,D Fu;Y Ma;Y Qian,,Proceedings of the 41st International Conference on Machine Learning (ICML),陆皓喆,,,,1,不存在这个文献
ICML,2025,UFlyLkvyAE,Structured state space models for efficient sequence modeling,S Gu;X Yu;V Chao,,Proceedings of the 38th International Conference on Machine Learning (ICML),陆皓喆,,,,1,不存在这个文献
ICML,2025,UFlyLkvyAE,Efficiency in state space models for sequence learning,H Nguyen,2023,Journal of Machine Learning Research,陆皓喆,,,,1,不存在这个文献
ICML,2025,A9XePhy4Z3,A benchmark for long-context interleaved video-language understanding,H Wu;D Li;B Chen;J Li;Longvideobench,2024,Advances in Neural Information Processing Systems,陆皓喆,,,,0,https://arxiv.org/abs/2407.15754
ICML,2025,l7ZmdeFyM1,Representing the real-world geometry by a discontinuous representation,Z Liao;Y Liu;Q Zheng;G Pan;Nerf,2024,Proceedings of the AAAI Conference on Artificial Intelligence,陆皓喆,,,,0,https://arxiv.org/abs/2311.09077
ICML,2025,7Tp9zjP9At,Almost chromatic number of the plane,I Hoffman;A Soifer,1993,Geombinatorics,陆皓喆,,,,1,没有这个文献
ICML,2025,oRdfFS7xO5,Towards Private Synthetic Text Generation,R Bommasani;S Wu;X Schofield,2019,NeurIPS 2019 Machine Learning with Guarantees Workshop,陆皓喆,,,,1,没有这个文献
ICML,2025,LhkSfpfRXW,Fast learning of on-line em algorithm,M Sato,1999,"Rapport Technique, ATR Human Information Processing Research Laboratories",陆皓喆,,,,1,没有这个文献
ICML,2025,pRlKbAwczl,Interaction between criteria and definition of weights in mcda problems,M Roubens,1996,44th Meeting of the European Working Group "Multicriteria Aid for Decisions,陆皓喆,,,,1,不存在这个文献
ICML,2025,SUX6Wzy9t1,3D reconstruction of a landslide by application of UAV and structure from motion,S Gupta;D Shukla,2017,AGILE Conference on Geographic Information Science,陆皓喆,,,,1,没有这个文献
ICML,2025,Cq1BNvHx74,Easily finetune and train LLMs,Unsloth Team,2024,Get faster with unsloth,陆皓喆,,,,1,没有这个文献
ICML,2025,edN2rEemj6,Let's erase: Prompt-based mitigation of textual bias,Z Yang;Y Zhang;H Zhao,,Proceedings of the 60th Annual Meeting of the Association for Computational Linguistics (ACL),陆皓喆,,,,1,没有这个文献
ICML,2025,f6SFHNfuMu,Menus of Change. About -Menus of Change -menusofchange,R Mattes,1997,The American journal of Clinical Nutrition,陆皓喆,,,,1,没有这个文献
ICML,2025,edN2rEemj6,Towards fairness in text classification: An overview of mitigation strategies,L Wang;L Chen;X Zhu;S Li,,ACM Computing Surveys,陆皓喆,,,,1,没有这个文献
ICML,2024,796,Defect classification using na?ve bayes classification,S Veni;A Srinivasan,2017,Interbational Journal of Applied Engineering Research,李佳璐,Defect classification using na?ve bayes classification,"Veni, S. and Srinivasan, A.",2017,0,参考文献学术期刊有误，应为 International Journal of Applied Engineering Research (IJAER)
ICML,2024,323,Deep learning-based social media misinformation detection,N Kshetri;J Voas,2022,IEEE Software,李佳璐,Deep learning–based social media misinformation detection,"Kshetri, N. and Voas, J.",2022,1,未检索到该参考文献https://doi.org/10.1109/MS.2022.3053106 Not found 引用次数有4次
ICML,2024,319,The Problem of Legitimate Value Change: Value Malleability and AI Alignment,N Ammann,2024,Forthcoming,李佳璐,The Problem of Legitimate Value Change: Value Malleability and AI Alignment,"Ammann, N",2024,1,属于Forthcoming，未检索到
ICML,2024,130,Science and technology in a democratic order,R Merton,1942,Journal of legal and political sociology,李佳璐,Science and technology in a democratic order,"Merton, R. K. et al.",1942,1,未检索到
ICML,2024,86,"Improving the compositionality of word embeddings. Master's thesis, Universiteit van Amsterdam",T Scheepers,2017,Science Park,李佳璐,Improving the compositionality of word embeddings,"Scheepers, T.",2017,1,未检索到，可能属于学位论文
ICML,2024,188,Thesamplecomplexityofp atternclassification withneuralnetworks: Thesizeoftheweightsismo reimportantthan thesizeofthenetwork,P Bartlett,1998,IEEETrans. Inf. Theory,李佳璐,The sample complexity of pattern classification with neural networks: The size of the weights is more important than the size of the network,"
Bartlett, P.",1998,1,https://ieeexplore.ieee.org/document/661502 参考文献题目有误，存在拼写问题
ICML,2023,767,Closed-loop optimization of extreme fast charging for batteries using machine learning,P Attia;A Grover;N Jin;K Severson;B Cheong;J Liao;M Chen;N Perkins;Z Yang;P Herring;M Aykol;S Harris;R Braatz;S Ermon;W Chueh,2020,Nature,李佳璐,Closed-loop optimization of extreme fast charging for batteries using machine learning,"Attia, P., Grover, A., Jin, N., ... Chueh, W.",2020,1,未检索到，也无相关引用
ICML,2023,231,Methods of Determining Equilibrium Situations in Zero-Sum Polymatrix Games,L Bregman;I Fokin,1987,Optimizatsia,李佳璐,Methods of Determining Equilibrium Situations in Zero-Sum Polymatrix Games,"Bregman, L. and Fokin, I.",1987,1,未检索到，也无相关引用
ICML,2023,491,Sur les polynomes de tchebicheff,J Favard,2052,CR Acad. Sci,李佳璐,Sur les polynomes de tchebicheff,"Favard, J.",1935,1,未检索到，也无相关引用
ICML,2023,866,Multidimensional statistical scatter. Collected Papers,S Wilks,1967,Contributions to Mathematical Statistics,李佳璐,Multidimensional statistical scatter,"Wilks, S.",1967,1,未检索到，也无相应引用
ICML,2023,793,Simple and efficient methods for constructing bootstrap confidence intervals,J Booth;K.-A Do,1993,Computational Statistics,李佳璐,Simple and efficient methods for constructing bootstrap confidence intervals,"Booth, J. G. and Do, K.-A.",1993,1,未检索到，也无相关引用
ICML,2022,630,Turing: Composable inference for probabilistic programming,H Ge;K Xu;Z Ghahramani,2018,Proceedings of the 21st International Conference on Artificial Intelligence and Statistics,李佳璐,Turing: Composable inference for probabilistic programming,"Ge, H., Xu, K., and Ghahramani, Z.",2018,1,未检索到，也无相关引用
ICML,2022,744,Une propriété topologique des sousensembles analytiques réels,S Lojasiewicz,1963,Les équations aux Dérivées Partielles,李佳璐,Une propriété topologique des sous-ensembles analytiques réels,"Lojasiewicz, S.",1963,1,未检索到，也无相关引用
ICML,2022,187,Complexity of k-sat. Proceedings,R Impagliazzo;R Paturi,1999,Fourteenth Annual IEEE Conference on Computational Complexity (Formerly: Structure in Complexity Theory Conference,李佳璐,On the Complexity of k-SAT,Russell Impagliazzo ，Ramamohan Paturi,1999,0,参考文献题目有误，https://cseweb.ucsd.edu/~paturi/myPapers/pubs/ImpagliazzoPaturi_2001_jcss.pdf
ICML,2022,652,über das interpolationsproblems,H Hahn,1918,Mathematische Zeitschrift,李佳璐,Uber das interpolations problems,"Hahn, H.",1918,1,未检索到，且无相关引用
ICML,2022,784,Uncertainty analysis: the variance of the variance. Managing Uncertainty in Complex Models,A O'hagan,2006,Research Councils UK,李佳璐,Uncertainty analysis: the variance of the variance,"O’Hagan, A.",2012,1,未检索到原文，被引用次数只有5次
ICML,2022,177,Interior-point approaches to the transportation and assignment problems on microcomputers,F Bastos;J Paix?o,1993,Investiga??o Operacional,李佳璐,Interior-point approaches to the transportation and assignment problems on microcomputers,"Bastos, F. and Paix?o, J.",1993,1,未检索到原文，被引用次数只有8次
ICML,2022,938,Leveraging real-world data for covid-19 research: challenges and opportunities,M Reynolds;J Christian;C Mack;N Hall;N Dreyer,2020,Journal of Precision Medicine,李佳璐,Leveraging real-world data for covid-19 research: challenges and opportunities,"Reynolds, M., Christian, J., Mack, C., Hall, N., and Dreyer, N.",2020,1,被引用次数有10次
ICML,2022,734,Solution directe de l'équation séculaire et de quelques problèmes analogues transcendants,H Müntz,1913,C. R. Acad. Sci,李佳璐,Solution directe de l’équation séculaire et de quelques problèmes analogues transcendants,"M untz, H.",1913,1,未检索到
ICML,2022,430,Unsupervised federated learning is possible,Anonymous,2022,Submitted to Int. Conf. on Learning Representations (ICLR),胡雨欣,,,,1,"无法确认该文章是否存在
匿名引用的论文，统一先作为一种引用出错或者无法考证的一种。"
ICML,2022,276,Machine learning improves hearing aids,A Clauset;K Post,2019,Science,胡雨欣,,,,1,官网等未找到文章
ICML,2022,9,Optimizing few-step diffusion samplers by gradient descent,Anonymous,,"Submitted to The Tenth In-ternational Conference on Learning Representations, 2022a",胡雨欣/李想,,,,1,匿名引用的论文，统一先作为一种引用出错或者无法考证的一种。给出的链接中的题目与引用不一致（可能存在出版论文题目发生改变），但由于引用给出作者为匿名，没有更多的信息可以比较这个文章到底是否存在。
ICML,2022,435,Generalized transportability: Synthesis of experiments from heterogeneous domains,S Lee;J Correa;E Bareinboim,2020,Proceedings of the 34th AAAI Conference on Artificial Intelligence,胡雨欣,General Transportability – Synthesizing Observations and Experiments from Heterogeneous Domains,Sanghack Lee and Juan D. Correa and Elias Bareinboim,2020,0,官网标题为General Transportability – Synthesizing Observations and Experiments from Heterogeneous Domains，链接为https://ojs.aaai.org/index.php/AAAI/article/view/6582
ICML,2022,486,PyramidFL: Fine-grained data and system heterogeneity-aware client selection for efficient federated learning,C Li;X Zeng;M Zhang;Z Cao,2022,MobiCom,胡雨欣,PyramidFL: a fine-grained client selection framework for efficient federated learning,"Chenning Li, Xiao Zeng, Mi Zhang, Zhichao Cao",2022,0,文章出版标题为PyramidFL: a fine-grained client selection framework for efficient federated learning，链接为https://dl.acm.org/doi/10.1145/3495243.3517017
ICML,2021,646,Turing: Composable inference for probabilistic programming,H Ge;K Xu;Z Ghahramani,2018,Proceedings of the 21st International Conference on Artificial Intelligence and Statistics,胡雨欣,Turing: A Language for Flexible Probabilistic Inference,"Hong Ge, Kai Xu, Zoubin Ghahramani",2018,0,论文官网标题为Turing: A Language for Flexible Probabilistic Inference，链接为https://proceedings.mlr.press/v84/ge18b.html
ICML,2021,944,Turing: composable inference for probabilistic programming,H Ge;K Xu;Z Ghahramani,2018,Proceedings of the 21st Conference on International Conference on Artificial Intelligence and Statistics,胡雨欣,Turing: A Language for Flexible Probabilistic Inference,"Hong Ge, Kai Xu, Zoubin Ghahramani",2018,0,论文官网标题为Turing: A Language for Flexible Probabilistic Inference，链接为https://proceedings.mlr.press/v84/ge18b.html
ICML,2021,593,Quantifying input uncertainty in stochastic optimization,H Lam;E Zhou,2015,2015 Winter Simulation Conference,胡雨欣,,,,1,在官网中只能找到一篇名为Quantifying uncertainty in sample average approximation文章，作者和会议一致，链接为https://ieeexplore.ieee.org/document/7408541
ICML,2021,329,Online non-convex optimization with inexact models,A Héliou;M Martin;P Mertikopoulos;T Rahier,2020,NeurIPS '20: Proceedings of the 34th International Conference on Neural Information Processing Systems,胡雨欣,Online non-convex optimization with imperfect feedback,"Amélie Héliou, Matthieu Martin, Panayotis Mertikopoulos, Thibaud Rahier",2020,0,发表名称为Online non-convex optimization with imperfect feedback。与引用有差异，原文链接为https://dl.acm.org/doi/10.5555/3495724.3497169
ICML,2021,51,Reweighted data for robust probabilistic models,Y Wang;A Kucukelbir;D Blei,2017,International Conference on Machine Learning,胡雨欣,Robust Probabilistic Modeling with Bayesian Data Reweighting,"Yixin Wang, Alp Kucukelbir, David M. Blei",2017,0,文章标题在出版官网里面为Robust Probabilistic Modeling with Bayesian Data Reweighting。原文链接为https://proceedings.mlr.press/v70/wang17g.html
ICML,2020,79,Random matrix-inspired improved semi-supervised learning on graphs,X Mai;R Couillet,2018,International Conference on Machine Learning,胡雨欣,,,,1,官网等未能找到文章
ICML,2020,419,A platform for generating and validating breast risk models from clinical data,N Smedley;N Chau;A Petruse;W Hsu,2011,age,胡雨欣,A Platform for Generating and Validating Breast Risk Models from Clinical Data: Towards Patient-Centered Risk Stratified Screening,"Nova F. Smedley and
Ngan Chau and
Antonia Petruse and
Alex A. T. Bui and
Arash Naeim and
William Hsu",2015,1,文章标题，文章得期刊，出版时间都不正确，论文正确引用https://dblp.org/rec/conf/amia/SmedleyCPBNH15.html?view=bibtex
ICML,2020,808,"The asymptotic convergence-rate of Q-ari, C. learning","Szepesvari, C.",1998,Advances in Neural Information Processing Systems,胡雨欣,The asymptotic convergence-rate of Q-learning,Cs. Szepesvári,1997,0,出版时间应该是1997，论文链接为https://dl.acm.org/doi/10.5555/3008904.3009053
ICML,2020,268,Bregman iterative algorithms for compressed sensing and related problems,W Yin;S Osher;J Darbon;D Goldfarb,2008,SIAM Journal on Imaging sciences,胡雨欣,"Bregman Iterative Algorithms for ??-Minimization with Applications to Compressed Sensing.
SIAM Journal on Imaging Sciences","Wotao Yin, Stanley Osher, Donald Goldfarb, Jerome Darbon",2008,0,"正式出版在期刊中的标题Bregman Iterative Algorithms for ??-Minimization with Applications to Compressed Sensing.
SIAM Journal on Imaging Sciences。原文链接为https://dl.acm.org/doi/10.1137/070703983"
ICML,2020,713,Near-optimal hashing algorithms for near neighbor problem in high dimension,A Andoni;P Indyk,2008,Communications of the ACM,胡雨欣,Near-optimal hashing algorithms for approximate nearest neighbor in high dimensions,"Alexandr Andoni, Piotr IndykAuthors Info & Claims",2008,0,论文名称钟near应该为nearest ，原文链接为https://dl.acm.org/doi/10.1145/1327452.1327494
ICML,2024,213,Language modelling for biological sequences-curated datasets and baselines,J Almagro Armenteros;A Johansen;O Winther;H Nielsen,2020,BioRxiv,陆皓喆,,,,1,https://www.biorxiv.org/content/10.1101/2020.03.09.983585v1
ICML,2024,298,Direct solution of the ésecular equation and of some transcendent analogous problems,H Müntz,1913,CR Acad. Sci,陆皓喆,,,,1,没有这个文献
ICML,2024,15,Towards universal multi-modal personalization: A language model empowered generative paradigm,T Wei;B Jin;R Li;H Zeng;Z Wang;J Sun;Q Yin;H Lu;S Wang;J He,2023,The Twelfth International Conference on Learning Representations,陆皓喆,,,,1,没有这个文献
ICML,2024,888,Estimating posterior probabilities in classification problems with neural networks,M Hung;M Hu;M Shanker;B Patuwo,1996,International Journal of Computational Intelligence and Organizations,陆皓喆,,,,1,没有这个文献
ICML,2024,1396,Towards private synthetic text generation,R Bommasani;S Wu;X Schofield,2019,NeurIPS 2019 Machine Learning with Guarantees Workshop,陆皓喆,,,,1,没有这个文献
ICML,2024,180,The connection of chemical constitution and physiological action,A Crum-Brown;T Fraser,1968,Trans R Soc Edinb,陆皓喆,,,,1,没有这个文献
ICML,2024,587,Efficient Gaussian process classification using Pòlya-gamma data augmentation,F Wenzel;T Galy-Fajou;C Donner;M Kloft;M Opper,2019,Proceedings of the AAAI Conference on Artificial Intelligence,陆皓喆,,,,1,没有这个文献
ICML,2024,410,Keeping neural networks simple by minimising the description length of weights,G Hinton;D Van Camp,1993,Proceedings of COLT-93,陆皓喆,,,,0,https://www.cs.toronto.edu/~fritz/absps/colt93.pdf 拼写错误
ICML,2024,46,Illegal use of artificial intelligence to create deepfakes depicting sexual content of minors,J Ca?as,2023,European Parliament,陆皓喆,,,,1,没有这个文献
ICML,2024,1277,Towards private synthetic text generation,R Bommasani;S Wu;X Schofield,2019,NeurIPS 2019 Machine Learning with Guarantees Workshop,陆皓喆,,,,1,没有这个文献
ICML,2024,1217,The problem with bias: Allocative versus representational harms in machine learning,S Barocas;K Crawford;A Shapiro;H Wallach,2017,"th Annual conference of the special interest group for computing, information and society",陆皓喆,,,,0,名字错误了 https://scholar.google.com/citations?user=rEjgIskAAAAJ&hl=zh-CN
ICML,2024,1113,Cascade pruning: Towards class imbalance in convolutional neural networks,W Sun;Y Jiang;S Zhang;Y Liu,2021,Proceedings of the IEEE/CVF Conference on Computer Vision and Pattern Recognition,陆皓喆,,,,1,没有这个论文
ICML,2024,811,Getting ready for nisar-and for managing big data using the commercial cloud,J Blumenfeld,2017,Earth-Data: Open Access for Data Science,陆皓喆,,,,1,没有这个文献
ICML,2024,1052,Some applications of directional statistics to astronomy,P Jupp,1994,Multivariate Statistics and Matrices in Statistics: Proceedings of the 5th Tartu Conference,陆皓喆,,,,1,没有这个文献
ICML,2024,944,A neural networks approach to residuary resistance of sailing yachts prediction,I Ortigosa;R Lopez;J Garcia,2007,Proceedings of the International Conference on Marine Engineering (MARINE),陆皓喆,,,,1,没有这个文献
ICML,2024,177,Sur les lois de probabilitéa estimation exhaustive,G Darmois,1935,CR Acad. Sci,陆皓喆,,,,1,没有这个文献
ICML,2023,644,Methods of determining equilibrium situations in zero-sum polymatrix games,L Bregman;I Fokin,1987,Optimizatsia,陆皓喆,,,,1,没有这个文献
ICML,2023,259,A neural networks approach to residuary resistance of sailing yachts prediction,I Ortigosa;R Lopez;J Garcia,2007,Proceedings of the international conference on marine engineering MARINE,陆皓喆,,,,1,没有这个文献
ICML,2023,808,Traffic signs and pedestrians vision with multi-scale convolutional networks,P Sermanet;K Kavukcuoglu;Y Lecun,2011,Snowbird Machine Learning Workshop,陆皓喆,,,,1,没有这个文献
ICML,2023,51,Closed-loop optimization of extreme fast charging for batteries using machine learning,P Attia;A Grover;N Jin;K Severson;B Cheong;J Liao;M Chen;N Perkins;Z Yang;P Herring;M Aykol;S Harris;R Braatz;S Ermon;W Chueh,2020,Nature,陆皓喆,,,,1,没有这个文献
ICML,2023,813,A multi-illumination dataset of indoor object appearance,L Murmann;M Gharbi;M Aittala;F Durand,2019,2019 IEEE International Conference on Computer Vision (ICCV),陆皓喆,,,,1,没有这个文献
ICML,2023,164,Remarks on ordering of walsh-functions,C.-K Yuen,1972,IEEE Transactions on Computers,陆皓喆,,,,1,没有这个文献
ICML,2023,193,Irreguler-time markov model,M Ramati,2010,Negev,陆皓喆,,,,1,没有这个文献
ICML,2023,377,Locally coupled oscillatory recurrent neural networks learn traveling waves and topographic organization,T Keller;M Welling,2023,Cosyne abstracts,陆皓喆,,,,1,没有这个文献
ICML,2022,197,Algorithm cnneim-a and its mean complexity,L Xu;P Yan;T Chang,1987,Proc. of 2nd international conference on computers and applications,陆皓喆,,,,1,没有这个文献
ICML,2022,93,Predicting spiking activity from local field potentials,M Rasch;A Gretton;Y Murayama;W Maass;N Logothetis,2008,Journal of Neurophysiology,陆皓喆,,,,1,没有这个文献
ICML,2022,47,Optimizing noise injection in imitation learning,M Laskey;A Dragan;J Lee;K Goldberg;R Fox;Dart,2017,Conference on Robot Learning (CoRL),陆皓喆,,,,1,没有这个文献
ICML,2021,9,Learning ahenb¨ by cheating,D Chen;B Zhou;V Koltun;P Kr¨ Uhl,2020,Conference on Robot Learning,陆皓喆,,,,1,没有这个文献
ICML,2021,19,Dart: Optimizing noise injection in imitation learning,Michael Laskey;Anca Dragan;Jonathan Lee;Ken Goldberg;Roy Fox,2017,Conference on Robot Learning (CoRL),陆皓喆,,,,1,没有这个文献
ICML,2021,19,Truncated horizon policy search: Deep combination of reinforcement and imitation,Wen Sun;J Bagnell;Byron Boots,2018,International Conference on Learning Representations,陆皓喆,,,,1,没有这个文献
ICML,2020,83,Accumulated evidence inferred from neural activity accurately predicts behavioral choice,B Depasquale;J Pillow;C Brody,2019,Cosyne Abstracts,陆皓喆,,,,1,没有这个文献
ICML,2020,40,General theory of differentiation in linear topological spaces,M Sova,1964,Czechoslovak Mathematical Journal,陆皓喆,,,,1,没有这个文献
ICML,2020,23,Sample-optimal parametric qlearning with linear transition models,L Yang;M Wang,2019,International Conference on Machine Learning (ICML),陆皓喆,,,,1,没有这个文献
IJCAI,2025,211,Syncdiffusion: More realis-tic talking face generation with neural diffusion models,Zhang,2024,AAAI Conference on Artificial Intelligence,张政泽,Syncdiffusion: More realistic talking face generation with neural diffusion models.,,,1,未找到该论文
IJCAI,2025,310,Sikubert and sikuroberta: Research on the construction and application of pre-training model of sikuquanshu for digital humanities,Dongbo,2021,Proceedings of the 60th Annual Meeting of the Association for Computational Linguistics,张政泽,Sikubert and sikuroberta: Research on the construction and application of pre-training model of sikuquanshu for digitalhumanities.,"Wang Dongbo, Liu Chang, Zhu Zihe,Liu Jiangfeng, Hu Haotian, Shen Si, and Bin Li.",2022,0,年份错误，页数错误，https://d.wanfangdata.com.cn/periodical/tsglt202206005
IJCAI,2025,388,"Xia et al., 2023] Shuyin Xia, Guoyin Wang, and Xinbo Gao",Wilson;Zhu ; Richard;C Wilson;Ping Zhu,2008,"Granular ball computing: an efficient, robust, and interpretable adaptive multi-granularity representation and computation method",张政泽,"Granular ball computing: an effcient, robust, andinterpretable adaptive multi-granularity representation andcomputation method.","Shuyin Xia, Guoyin Wang, XinboGao, and Xiaoyu Lian.",2023,0,作者缺少一位：Xiaoyu Lian。https://arxiv.org/abs/2304.11171
IJCAI,2025,635,Semantic communication methods for intelligent tasks in AI-powered internet of things,Kang,2022,IEEE Transactions on Communications,张政泽,Semantic communication methods for intelligenttasks in AI-powered internet of things.,"C. Liu, C. Guo, Y. Yang, F. Yan, andQ. Sun.,J.Chen",2021,0,作者缺少了一位，https://d.wanfangdata.com.cn/periodical/txxb202111009
IJCAI,2025,660,Mental tests used in genetic studies: The performance of related individuals on tests mainly educative and mainly reproductive,Raven ; James C Raven;; Santoro,1936,ICML,张政泽,Mental tests used in geneticstudies: The performance of related individuals on testsmainly educative and mainly reproductive.,James C Raven.,,1,硕士论文，未找到该文章
IJCAI,2025,661,Mental tests used in genetic studies: The performance of related individuals on tests mainly educative and mainly reproductive. thesis,Raven ; James C Raven;; Santoro,1936,Advances in the psychology of human intelligence,张政泽,Mental tests used in geneticstudies: The performance of related individuals on testsmainly educative and mainly reproductive.,James C Raven.,,1,硕士论文，未找到该文章
IJCAI,2025,684,A comparison of probabilistic methods for uncertainty quantification in short-term wind speed forecasting,Salinas,2018,International Journal of Forecasting,张政泽,A comparison of probabilistic methods for uncertainty quantifcation in short-term wind speed forecasting.,,,1,根据参考文献中的期刊信息并未找到该论文，期刊信息如下：https://www.sciencedirect.com/journal/international-journal-of-forecasting/vol/34/issue/4
IJCAI,2025,684,A hierarchical bayesian neural network framework for probabilistic time series forecasting,Wang,2021,Journal of Computational and Graphical Statistics,张政泽,A hierarchical bayesian neural network framework for probabilistic time series forecasting.,,,1,根据参考文献中的期刊信息并未找到该论文，期刊信息如下：https://www.tandfonline.com/toc/ucgs20/30/1?nav=tocList
IJCAI,2025,921,Distance-based out-of-distribution detection with confidence scores,Xu,2020,Proceedings of the IEEE/CVF Conference on Computer Vision and Pattern Recognition (CVPR),张政泽,Distance-based out-of-distribution detection with confdence scores.,"Pengfei Xu, Sayna Ebrahimi, and SubhroRoy.",2020,1,未找到该论文
IJCAI,2025,921,Generative model-based out-of-distribution detection,Xu,2021,International Journal of Computer Vision,张政泽,Generative model-based out-of-distribution detection.,"Pengfei Xu, Sayna Ebrahimi, and SubhroRoy.",2021,1,未找到该论文
IJCAI,2025,927,Automatic extraction of alias in ancient local chronicles based on conditional random fields,; N Li;Li,2018,J. Chin. Inf. Process,张政泽,Automatic extraction of alias in ancient local chronicles based on conditional random felds.,N Li.,2018,0,参考文献中标注的所在期刊的页数错误，https://d.wanfangdata.com.cn/periodical/CiBQZXJpb2RpY2FsQ0hJU29scjkyMDI1MTIyNDE1NDU1NRIPend4eHhiMjAxODExMDA2GghnZXVobTE3Ng%3D%3D
IJCAI,2025,1100,"Anirudh Narayanan, Arjun Suresh, and Mayank Gupta. Word embedding biases and caste discrimination in indian text corpora",Mukherjee,2023,"Proceedings of the Workshop on Fairness, Accountability, and Transparency in Machine Learning (FAT/ML)",张政泽,Word embedding biases and caste discrimination in indian text corpora.,"Anirudh Narayanan, Arjun Suresh,and Mayank Gupta.",2020,1,未找到该论文
IJCAI,2025,1145,Mohamad Ahmad Saleem Khasawneh. Development of audio-visual media of language learning for children with autism,Khasawneh,2023,Journal of Southwest Jiaotong University,张政泽,Development of audio-visual media of language learningfor children with autism.,Mohamad Ahmad Saleem Khasawneh.,,1,参考文献中标注的期刊信息对应位置并未找到该文章，可见如下网站：https://xnjdxb.swjtu.edu.cn/article/2023/2
IJCAI,2025,1174,"Zhenheng Tang, et al. Bridging general and personalized federated learning through selective model integration",Mora,2024,ICLR,张政泽,Bridging general and personalized federated learning through selective model integration.,"Lei Shen, Zhenheng Tang, et al.",2025,0,名称不一致，https://openreview.net/forum?id=B8akWa62Da
IJCAI,2025,1246,Legal document query language: Conceptualizing linguistic commands for ai assistants in civi apeal proceedings,Agazzi,2024,Proceedings of the Ital-IA Intelligenza Artificiale -Thematic Workshops co-located with the 4th CINI National Lab AIIS Conference on Artificial Intelligence (Ital-IA 2024),张政泽,Legal document query language: Conceptualizing linguistic commands for ai assistants in civi apeal proceedings.,"Ruben Agazzi, Carlo Batini, Matteo Palmonari, and Valentina Monica.",2024,1,未找到该论文，参考文献中标注该论文属于SEBD 2025中的内容，但在网络上只找到了SEBD 2024收录的论文信息，https://ceur-ws.org/
IJCAI,2024,7,Relational dynamic influence diagrams and the decision-theoretic approach to rddl,Geffner Ramírez;Miquel Ramírez;Hector Geffner;Scott Sanner;Craig Boutilier,2009,Proceedings of the Conference on Uncertainty in Artificial Intelligence (UAI),张政泽,Relational dynamic infuence diagrams and thedecision-theoretic approach to rddl,,,1,相关会议未找到该论文，https://dblp.org/db/conf/uai/uai2010.html
IJCAI,2024,153,Yueting Gao. A brief discussion on the dressing of university teachers,Gao,2013,Science and Technology Information,张政泽,,,,1,未找到该参考文献
IJCAI,2024,174,Assistive robot learning from demonstrations by older adults: Feasibility in younger and older cohorts,Botti,2024,Robotics: Science and Systems,张政泽,Assistive robot learning from demonstrations byolder adults: Feasibility in younger and older cohorts.,,,1,期刊上对应年份未找到对应论文，其他方式也未检索到该论文
IJCAI,2024,231,A Brain-Controlled Spelling Device for the Completely Paralyzed,Birbaumer,2001,IEEE Signal Processing Magazine,张政泽,A Brain-Controlled Spelling Device forthe Completely Paralyzed.,"N Birbaumer, H Flor, N Ghanayim,T Hinterberger, I Iverson, E Taub, B Kotchoubey, A Kbler,and J Perelmouter.",2001,0,论文名称错误，作者乱序 https://www.nature.com/articles/18581
IJCAI,2024,255,"MacQueen, 1967] James MacQueen. Classification and analysis of multivariate observations",Ling,2023,AAAI,张政泽,Some methods for classification and analysis of multivariate observations,James MacQueen.,1967,1,"文献名称缺少单词,https://projecteuclid.org/ebooks/berkeley-symposium-on-mathematical-statistics-and-probability/Some-methods-for-classification-and-analysis-of-multivariate-observations/chapter/Some-methods-for-classification-and-analysis-of-multivariate-observations/bsmsp/1200512992"
IJCAI,2024,396,Willem Mantel. Vraagstuk xxviii,Mantel,1907,Wiskundige Opgaven met de Oplossingen,张政泽,Wiskundige Opgaven met de Oplossingen.,Wiskundig Genootschap,1875,1,https://catalog.hathitrust.org/Record/008857644 作者错误，年份错误
IJCAI,2024,409,PrefLib: A Library of Preference Data,Colin Mallows;Nicholas Mallows;Toby Mattei;Walsh,1957,Proceedings of Third International Conference on Algorithmic Decision Theory,张政泽,PrefLib: A Library for Preferences,Nicholas Mattei and Toby Walsh.,2013,0,文献题目错误。https://link.springer.com/chapter/10.1007/978-3-642-41575-3_20
IJCAI,2024,416,Optimal liquidation with deep reinforcement learning,Lin;Beling;Siyu Lin;Peter Beling,2019,"Proceedings of the 33rd Conference on Neural Information Processing Systems, Deep Reinforcement Learning Workshop",张政泽,Optimal liquidation with deep reinforcement learning.,,,1,网络上未找到对应论文
IJCAI,2024,499,"Kirfel and Liefgreen, 2021] Lara Kirfel and Alice Liefgreen. What If (and How ...)? -Actionability Shapes People's Perceptions of Counterfactual Explanations in Automated Decision-Making",Keane,2021,Proceedings of the Thirtieth International Joint Conference on Artificial Intelligence,张政泽,,,,1,网络上未检索到
IJCAI,2024,591,The evaluation of causal effects on the variance and its application to process analysis,Manabu Kuroki;Kuroki,2008,Journal of the Journal of The Japanese Society for Quality Control,张政泽,The evaluation of causal effects on the variance and its application to process analysis.,Manabu Kuroki.,2008,0,所在期刊页数错误，https://www.jstage.jst.go.jp/result/journal/-char/en?cdjournal=quality&globalSearchKey=The+evaluation+of+causal+effects+on+the+variance+and+its+application+to+process+analysis.
IJCAI,2024,664,Fedkd: Collaborative learning with weightsharing and knowledge distillation,Ahn,2020,Proceedings of the AAAI Conference on Artificial Intelligence,张政泽,Fedkd: Collaborative learning with weightsharing and knowledge distillation.,,,1,网络上未找到对应论文
IJCAI,2024,671,informed neural networks: A deep learning framewojagtapjagtaprk for solving forward and inverse problems involving nonlinear partial differential equations,Papernot,2016,2016 IEEE symposium on security and privacy (SP),张政泽,Physics-Informed Neural Networks: A Deep Learning Framework for Solving Forward and Inverse Problems Involving Nonlinear Partial Differential Equations,"Maziar Raissi, Paris Perdikaris, andGeorge E Karniadakis.",2018,1,文献名称拼写错误、年份错误
IJCAI,2024,851,"Xuanjing Huang, and Xipeng Qiu. Moss: Training conversational language models from synthetic data",Sun,2023,ICLR,张政泽,Moss: Training conversational language models from synthetic data,"Tianxiang Sun, Xiaotian Zhang, ZhengfuHe, Peng Li, Qinyuan Cheng, Hang Yan, Xiangyang Liu,Yunfan Shao, Qiong Tang, Xingjian Zhao, Ke Chen, Yining Zheng, Zhejian Zhou, Ruixiao Li, Jun Zhan, YunhuaZhou, Linyang Li, Xiaogui Yang, Lingling Wu, ZhangyueYin, Xuanjing Huang, and Xipeng Qiu",2023,1,网络上未找到此题目的论文PDF，但是存在相关内容：https://www.bohrium.com/en/paper-details/moss-training-conversational-language-models-from-synthetic-data/1130589678357970945-2000000。另外，找到另一篇发表的论文，但题目名称进行了修改，且时间也不相同：https://link.springer.com/content/pdf/10.1007/s11633-024-1502-8.pdf
IJCAI,2024,0000045_,An Objective and Simple Measure of Gerrymandering: A Demonstration from New York State,Parisi Marinari;E Marinari;G Parisi;Mcdonald,1992,2011 Annual Meeting of the Midwest Political Science Association,张政泽,An Objective and Simple Measure of Gerrymandering: ADemonstration from New York State.,"M. D. McDonald, J. Krasno, and R. E.Best.",,1,未找到该论文，且存在较少相关引用
IJCAI,2023,23,"Armin Biere. Normalisation, unification and generalisation in free monoids",; Biere;Bowers,1993,SYRCOSE,张政泽,,,,1,一篇硕士论文，但未在网络上检索到
IJCAI,2023,26,Identifying critical regions for motion planning using auto-generated saliency labels with convolutional neural networks,Molina,2020,In ICRA,张政泽,Identifying critical regions for motion planning using auto-generatedsaliency labels with convolutional neural networks.,"D. Molina, K. Kumar, and S. Srivastava.",2019,1,论文存在，链接为：https://arxiv.org/pdf/1903.03258v1，但并未在ICRA2020中找到这篇文章，在arXiv中找到了这篇文章，年份为2019：https://arxiv.org/pdf/1903.03258v1
IJCAI,2023,85,Algorithms for embedding metrics in Euclidean spaces. Master's thesis,; Sapa?a;K Sapa?a;P Skowron;P Faliszewski;A Slinko,2022,Artificial Intelligence,张政泽,,,,1,一篇硕士论文，但未在网络上检索到
IJCAI,2023,188,"Miikkulainen and Elman, 1993] Risto Miikkulainen and Jeffrey Elman",Küttler,2020,"Subsymbolic Natural Language Processing: An Integrated Model of Scripts, Lexicon, and Memory",张政泽,"Subsymbolic Natural Language Processing: An Integrated Model of Scripts, Lexicon, andMemory.",Risto Miikkulainen。,1993,1,作者不符，https://nn.cs.utexas.edu/?miikkulainen:subsymbolic
IJCAI,2023,221,"Jinxiang and Siqian, 2022] Lai Jinxiang and Yang Siqian. Adaptive multi distance metrics for few-shot classification",Hou,2019,NeurIPS,张政泽,Adaptive multi distance metrics for few-shot classifcation.,,,1,未找到对应论文，根据作者信息也未检索到该发表的论文信息，https://dblp.org/pid/249/7739.html
IJCAI,2023,475,"Loosli et al., 2015] Ga?lle Loosli, Stéphane Canu, and Cheng Soon Ong. Learning SVM in Kre?n spaces",Li,2019,Proceedings of the IEEE International Conference on Computer Vision,张政泽,Learning SVM in Kre?n spaces.,"Gaelle Loosli, Stephane Canu, and Cheng Soon Ong.",2016,1,年份错误，https://ieeexplore.ieee.org/document/7254195
IJCAI,2023,492,Scats: A traffic responsive method of controlling urban traffic control/pr lowrie,Pr ; Lowrie Pr,1992,Roads and Traffic Authority,张政泽,Scats: A traffc responsive methodof controlling urban traffc control/pr lowrie.,Lowrie PR.,1992,1,论文名称错误：https://trid.trb.org/view/488852
IJCAI,2023,621,"Correlational analysis of aesthetic competency, skill acquisition and physiologic capabilities of modern dancers",Byrnes ; Sj Chatfield;W Chatfield;Byrnes,1990,th Hong Kong International Dance Conference Papers,张政泽,"Correlational analysis of aesthetic competency, skill acquisition and physiologic capabilities of modern dancers",SJ Chatfeld and WC Byrnes.,1990,1,找到了对应的论文集，但无法查看具体内容，并未找到对应论文
IJCAI,2023,773,Stochastic optimization of the dial-a-ride problem. dealing with variable travel times and irregular arrival of requests in the planning of special transport services,; If Tensen;; Tensen;Tong,2015,Proceedings of the 23rd ACM SIGKDD international conference on knowledge discovery and data mining,张政泽,,,,1,一篇硕士论文，但未在网络上检索到
IJCAI,2022,177,Augmix: A simple method to improve robustness and uncertainty under data shift,Hendrycks,2020,ICLR,张政泽,AugMix: A Simple Data Processing Method to Improve Robustness and Uncertainty,"Dan Hendrycks, Norman Mu,Ekin Dogus Cubuk, Barret Zoph, Justin Gilmer, andBalaji Lakshminarayanan.",2020,1,名称错误，https://openreview.net/forum?id=S1gmrxHFvB
IJCAI,2022,378,"Hochreiter and Schmidhuber, 1995] Sepp Hochreiter and Jürgen Schmidhuber",Gao,2021,Simple contrastive learning of sentence embeddings,张政泽,Simplifying neural nets by discovering flat minima.,Sepp Hochreiter andJurgen Schmidhuber.,1994,1,年份错误，https://www.researchgate.net/publication/221618173_Simplifying_Neural_Nets_by_Discovering_Flat_Minima，参考文献中标注为1995。
IJCAI,2022,393,The value-sensitive design of a smartphone app targeting citizens with dementia in a danish municipality. To be submitted to,Cenci,2022,Journal of Science and Engineering Ethics,张政泽,The participatory value-sensitive design (VSD) of a mHealth app targeting citizens with dementia in a Danish municipality,"Alessandra Cenci, Susanne JackobsenIlskov, Nicklas Sindlev Andersen, and Marco Chiarandini.",2023,1,名称错误，时间错误。https://link.springer.com/article/10.1007/s43681-023-00274-9
IJCAI,2022,633,Segmentation Outside the Cranial Vault Challenge,Landman,2015,MICCAI: Multi Atlas Labeling Beyond Cranial Vault-Workshop Challenge,张政泽,Segmentation Outside the Cranial Vault Challenge.,"Bennett Landman, Zhoubing Xu, Juan Eugenio Igelsias, et al.",2015,1,找到了对应的会议及作者信息，但是并未找到这一篇论文，https://www.synapse.org/Synapse:syn3193805/wiki/89480，，，，，， https://scholar.google.com/citations?view_op=view_citation&hl=en&user=fLQ3qzAAAAAJ&citation_for_view=fLQ3qzAAAAAJ:KUbvn5osdkgC
IJCAI,2022,689,Optimal liquidation with deep reinforcement learning,Lin;Beling;Siyu Lin;Beling,2019,33rd Conference on Neural Information Processing Systems (NeurIPS 2019) Deep Reinforcement Learning Workshop,张政泽,Optimal liquidation with deep reinforcement learning,,,1,网络上未找到对应论文
IJCAI,2022,704,A family of binary spatter codes,Pentti Kanerva;Kanerva,1995,International Conference on Artificial Neural Networks,张政泽,A family of binary spatter codes.,Pentti Kanerva.,,1,未找到对应论文
IJCAI,2021,5,The role of syntax in semantic processing: A study of active and passive sentences,Nicole Rafidi;Rafidi,2014,Poster and Oral Session at HBM annual meeting 2015,张政泽,The role of syntax in semanticprocessing: A study of active and passive sentences.,,,1,未找到该论文，且只有较少引用
IJCAI,2021,144,Twin-systems for explaining ANNs using CBR,M Kenny And Keane ; Eoin;Mark Kenny;Keane,2019,IJCAI-19,张政泽,Twin-Systems to Explain Artificial Neural Networks using Case-Based Reasoning: Comparative Tests of Feature-Weighting Methods in ANN-CBR Twins for XAI,Eoin M. Kenny and Mark T. Keane.,2019,0,论文名称错误，https://www.ijcai.org/Proceedings/2019/0376.pdf
IJCAI,2021,436,Customer churn prediction using recurrent neural network with reinforcement learning algorithm in mobile phone users,Khan Idris;Adnan Idris;Asifullah Khan;; Guido;W Imbens;Donald Rubin ; Kasiran,2014,Proceedings of the 12th International Conference on Frontiers of Information Technology,张政泽,Customer churn prediction using recurrent neural network with reinforcement learning algorithm in mobile phone users.,,,1,未找到该论文，且只有较少引用
IJCAI,2021,502,Soup: Single user logon model with encoded multi-grained features. RADIO-2019,; Elman;Jeffrey L Elman ; Fan,1990,Proceedings of the 31st AAAI Conference on Artificial Intelligence,张政泽,Soup: Single user logon model with encoded multi-grained features.,,,1,未找到该文章
IJCAI,2021,718,Breton. Strategy-proofness issues in some economic and political domains,; Black;D Black;; Bordes,1948,J. Polit. Econ,张政泽,Strategy-proofness issues in some economic and political domains.,,,1,未找到该文章
IJCAI,2020,155,"Jinhua Du, Yan Huang, and Karo Moilanen. Sentence boundary detection through sequence labelling and BERT fine-tuning",Champin,2018,Proceedings of WWW. ACM,张政泽,AIGInvestments. AI at the FinSBD Task: Sentence Boundary Detection through Sequence Labelling and BERT Fine-tuning,"Jinhua Du, Yan Huang, and Karo Moilanen.",2019,0,名称不完整，https://aclanthology.org/W19-5513.pdf
IJCAI,2020,175,Estimating the efficiency of backtracking algorithms,D Knuth;Knuth,1975,Math. Comput,张政泽,Estimating the efficiency of backtracking Programs.,D.E. Knuth.,1975,0,名称错误，https://www.jstor.org/stable/2005469
IJCAI,2020,261,"A survey of clique and biclique coverings and factorizations of (0,1)-matrices",Pauli Miettinen;; Miettinen;Monson,2012,SDM,张政泽,"A survey of clique and biclique coveringsand factorizations of (0,1)-matrices.","Sylvia D. Monson, Norman J. Pullman,and Rolf Rees.",,1,未找到参考文献中所标注的1995年的对应期刊内容，因此未找到该论文，但存在对该论文的多条引用，https://scholar.google.com/scholar?hl=zh-CN&as_sdt=0%2C5&q=A+survey+of+clique+and+biclique+coveringsand+factorizations+of+%280%2C1%29-matrices.+&btnG=
IJCAI,2020,486,Ten groups of rejoinings in the huang type oracle bone inscriptions,Yi Men;Men,2012,Huaxia Archaeology,张政泽,Ten groups of rejoinings in thehuang type oracle bone inscriptions.,Yi Men.,2012,1,无法验证，在杂志官方网站缺少了2012年的几期，http://kaogu.cssn.cn/zwb/xszl/sztsg/zjqk/hxkg/index_3.shtml
Neurips,2025,15GCs8DoSm,A benchmark model for power system stability controls,Mario Paolone;Trevor Gaunt;Xavier Guillaud;Marco Liserre;Sakis Meliopoulos;Antonello Monti;Thierry Van Cutsem;Vijay Vittal;Costas Vournas,2020,IEEE Transactions on Power Systems,刘家骥,Fundamentals of power systems modelling in the presence of converter-interfaced generation,"M Paolone, T Gaunt, X Guillaud, M Liserre, S Meliopoulos, A Monti, T Van Cutsem, V Vittal",2022,0,论文标题有误，其他正确https://www.sciencedirect.com/science/article/abs/pii/S037877962030482X
Neurips,2025,aixLLnS70r,A general approach to polynomial-time algorithms design for convex programming,E Yurii;Arkadi Nesterov;Nemirovskii,1988,"Report, Central Economical and Mathematical Institute, USSR Academy of Sciences",刘欣然,,,,1,查无此文
Neurips,2025,l0tTXno7c2,A generalization of the method of maximum likelihood: Estimating a mixing distribution,Herbert Robbins,1950,The Annals of Mathematical Statistics,刘家骥,,,,1,The Annals of Mathematical Statistics上搜索不到作者的这篇文章，网上搜索不到
Neurips,2025,tiGFiCrmKm,A matrix-free approach for approximating the hessian in optimization problems,F Curtis;J Nie;J Reyes,2017,SIAM Journal on Optimization,刘家骥,,,,1,SIAM Journal on Optimization上搜索不到，作者组合也搜索不到
Neurips,2023,c7b5a35ea98b62512a869c19ea7b03cb,A mixture of support vector machines for audio classification,Nicolas Scaringella;Daniel Mlynek,2005,IEEE MIREX,刘家骥,,,,1,没有一个字段可以搜索到相关信息，只有一个作者完全不一样，但是题目很相似的论文Mixed Type Audio Classification with Support Vector Machine：https://ieeexplore.ieee.org/document/4036716
Neurips,2025,1bO9wIdyKa,A multi-illumination dataset of indoor object appearance,Lukas Murmann;Michael Gharbi;Miika Aittala;Fredo Durand,2019,ICCV,刘家骥,A Dataset of Multi-Illumination Images in the Wild,"Lukas Murmann, Michael Gharbi, Miika Aittala, Fredo Durand",2019,0,除了题目是错的（意思完全相反），其他信息全对https://www.computer.org/csdl/proceedings-article/iccv/2019/09008252/1hVl7roiUlW
Neurips,2024,1a958c6e813989a0d4b677e6a6f3339a,A multi-illumination dataset of indoor object appearance,Lukas Murmann;Michael Gharbi;Miika Aittala;Fredo Durand,2019,2019 IEEE International Conference on Computer Vision (ICCV),刘家骥,A Dataset of Multi-Illumination Images in the Wild,"Lukas Murmann, Michael Gharbi, Miika Aittala, Fredo Durand",2019,0,除了题目是错的（意思完全相反），其他信息全对https://www.computer.org/csdl/proceedings-article/iccv/2019/09008252/1hVl7roiUlW
Neurips,2023,cfce727868dcaf5295c0125f9d6fbc0b,A new method to test for mediation,D Mackinnon;C Lockwood;J Hoffman,1998,annual meeting of the Society for Prevention Research,李佳璐,,,,1,未检索到，也无相关引用。这是一份会议摘要或报告提纲，通常收录在会议发放给参会者的非正式议程或摘要集中，未以正式论文集的形式公开出版
Neurips,2025,dtsYpcJr1R,A new multiplier using wallace structure and carry select adder with pipelining,Reza Hashemian,2002,ISCAS 02 Conference Proceedings,刘家骥,,,,1,完全搜不到
Neurips,2021,13bf4a96378f3854bcd9792d132eff9f,"A note on sex, evolution, and the multiplicative updates algorithm",Reshef Meir;David Parke,2015,AAMAS,刘家骥,"On Sex, Evolution, and the Multiplicative Weights Update Algorithm","Reshef Meir, David Parkes",2015,0,基本正确，只有题目有些不同https://arxiv.org/abs/1502.05056
Neurips,2020,aa108f56a10e75c1f20f27723ecac85f,A review of k-mean algorithm,J Yadav;M Sharma,2013,International journal of engineering trends and technology,刘家骥,,,,1,"International Journal of Engineering
Trends and Technology期刊搜索不到https://ijettjournal.org/search?searchword=A+review+of+k-mean+algorithm&searchphrase=any_words&ordering=newest"
Neurips,2024,acccb791886d5d811fe4e16e98c26633,A sparse nonlinear approach for designing hub-and-spoke air transportation networks,Fernando Real-Rojas;Victor Tenorio;Antonio Marques,2024,"Asilomar Conference on Signals, Systems, and Computers",吴福彬,,,,1,论文列表找不到。https://cmsworkshops.com/Asilomar2024/papers/accepted_papers.php
Neurips,2025,6ZkcC9NmGU,A study of evaluation metrics for music generative models,Li-Chia Yang;Szu-Yu Chou;Yi-Hsuan Yang,2020,Proceedings of the 21st International Society for Music Information Retrieval Conference (ISMIR),刘家骥,,,,1,完全搜不到，但是其本身为Proceedings，可能是没中，也没挂出来
Neurips,2024,17fc467c11997914127c001fdc801bea,A study on "dispirited culture" of online youth from the perspective of social psychology,Lucas Dixon;John Li;Jeffrey Sorensen;Nithum Thain;Lucy Vasserman,2018,"Proceedings of the 2018 AAAI/ACM Conference on AI, Ethics, and Society, AIES 2018",刘家骥,A study on" dispirited culture" of online youth from the perspective of social psychology,"Z Dong, J Chang, J Sun",2017,1,搜不到相关了论文，谷歌学术上有的信息也对不上
Neurips,2020,5938b4d054136e5d59ada6ec9c295d7a,A super* algorithm to determine orderings of items to show users,Tanner Fiez;Nihar Shah;Lillian Ratliff,,Conference on Uncertainty in Artificial Intelligence,罗瑞,A SUPER* Algorithm to Optimize Paper Bidding in Peer Review,Tanner Fiez，Nihar B. Shah，Lillian Ratliff,2020,0,题目错误http://proceedings.mlr.press/v124/fiez20a.html
Neurips,2025,de07K7kreI,A survey on trusted execution environment based secure inference,Yu Sun;Gaojian Xiong;Xiao Liu;Yan Li,2024,Netinfo Security,张峰,,,,1,未找到原文献
Neurips,2025,S8XcHutp7Z,Aabb and octree representations for accelerating ray-object intersection tests,L David;Toth,1985,IEEE Computer Graphics and Applications,吴福彬,,,,1,论文列表找不到。https://dblp.org/db/journals/cga/cga5.html
Neurips,2022,b9432d0f94275f0571c6cc99cf8b1664,"Aaron van den Oord, Oriol Vinyals, and koray kavukcuoglu",,2017,Advances in Neural Information Processing Systems,张峰,,,,1,未找到原文献
Neurips,2023,a3cf318fbeec1126da21e9185ae9908c,About delimiting the intrinsic values of a matrix,Semyon Aranovich;Gershgorin,1931,Proc. Russian Acad. Sci,张峰,,,,1,未找到原文献
Neurips,2025,oBikm5Rshc,Accelerating scientific discoveries using llms,H Chen;P Singh,2023,Science and AI,张峰,,,,1,未搜到原文
Neurips,2025,gNiT81iag0,Activation steering: Mitigating verbatim memorisation at inference time,Pranav Suri;Rachel Hou;Denny Zhou,2025,ACL Findings,胡雨欣,,,,1,论文官网等未找到文章
Neurips,2021,c1619d2ad66f7629c12c87fe21d32a58,Active learning for neural network a core set approach,Silvio Savarese;Ozan Sener;Zoubin Ghahramani,2018,Proceedings of ICLR,胡雨欣,Active Learning for Convolutional Neural Networks: A Core-Set Approach,Ozan Sener and Silvio Savarese,2018,1,在官网中能够找到的文章标题为Active Learning for Convolutional Neural Networks: A Core-Set Approach，其次作者信息不一致。链接为https://openreview.net/forum?id=H1aIuk-RW
Neurips,2025,XPe55Uffd7,Active learning with region graphs,C Cortes;G Desalvo;C Gentile;M Mohri;N Zhang,2019,Proceedings of the 36 th International Conference on Machine Learning,李佳璐,Active Learning with Region Graphs,"Corinna Cortes, Giulia DeSalvo, Claudio Gentile, Mehryar Mohri, Ningshan Zhang",2019,1,未检索到，也无相关引用
Neurips,2025,kWGJa9ZO3M,Activitynet captions: A dense-captioning dataset for evaluating understanding of complex video activities,Fabian Caba;Heilbron;Juan Carlos;Niebles,2015,Proceedings of the IEEE conference on computer vision and pattern recognition,刘欣然,,,,1,查无此文
Neurips,2025,KQTp6ljvlo,Adaptive pseudo-labeling for semi-supervised learning in long-tailed classification,Jia Guo;Yin Zhang;Xinyi Han,2021,Proceedings of the IEEE/CVF Conference on Computer Vision and Pattern Recognition,张峰,,,,1,未找到原文献
Neurips,2025,RpE4HeuX69,Adaptive watermarking for source code protection,Alex Brown;James Wilson,2023,Journal of Software Engineering,许祖耀,,,,1,这个虚假的有点标准，标题，作者，会议都类似于张三李四一样，实锤
Neurips,2025,jSc7HD7mPj,Adept: Adaptive diffusion sampling in the denoising steps,Ming Liu;Cheng Lu;Yuhao Zhou;Jun Zhu,2023,International Conference on Learning Representations,刘欣然,,,,1,查无此文
Neurips,2025,ToNRHqX6xq,Adversarial attack on vision-language models via cross-modal denoising,Dong Liu;Ji Zhu;Tao Zhang;Bo Li;Hongyang Li,,International Conference on Machine Learning (ICML),张峰,,,,1,未搜到文献论文
Neurips,2025,rDqZjKIeda,AFlow: Adaptive workflow construction for llm-based agents,Jiayi Zhang;Jinyu Xiang;Zhaoyang Yu;Fengwei Teng;Xiong-Hui Chen;Jiaqi Chen;Mingchen Zhuge;Xin Cheng;Sirui Hong;Jinlin Wang;Bingnan Zheng;Bang Liu;Yuyu Luo;Chenglin Wu,2025,"The Thirteenth International Conference on Learning Representations, ICLR 2025",许祖耀,,,,0,论文标题错误不相符，但作者正确，Venue正确
Neurips,2025,AmZ7uHDJiR,Airslam: Illumination-invariant hybrid slam,Y Zhang;M Oswald;D Cremers,2023,International Conference on Computer Vision (ICCV),胡雨欣,,,,1,官网等无法找到此文章
Neurips,2025,GKt3VRaCU1,"Alec Radford, Ilya Sutskever, and Dario Amodei",Tom Brown;Benjamin Mann;Nick Ryder;Melanie Subbiah;Jared Kaplan;Prafulla Dhariwal;Arvind Neelakantan;Pranav Shyam;Girish Sastry;Amanda Askell;Sandhini Agarwal;Ariel Herbert-Voss;Gretchen Krueger;Tom Henighan;Rewon Child;Aditya Ramesh;Daniel Ziegler;Jeffrey Wu;Clemens Winter;Chris Hesse;Mark Chen;Eric Sigler;Mateusz Litwin;Scott Gray;Benjamin Chess;Jack Clark;Christopher Berner;Sam Mccandlish,2020,Advances in Neural Information Processing Systems,刘欣然,Language Models are Few-Shot Learners,"Tom B. Brown, Benjamin Mann, Nick Ryder, Melanie Subbiah, Jared Kaplan, Prafulla Dhariwal, Arvind Neelakantan, Pranav Shyam, Girish Sastry, Amanda Askell, Sandhini Agarwal, Ariel Herbert-Voss, Gretchen Krueger, Tom Henighan, Rewon Child, Aditya Ramesh, Daniel M. Ziegler, Jeffrey Wu, Clemens Winter, Christopher Hesse, Mark Chen, Eric Sigler, Mateusz Litwin, Scott Gray, Benjamin Chess, Jack Clark, Christopher Berner, Sam McCandlish, Alec Radford, Ilya Sutskever, Dario Amodei",2020,1,参考文献题目、作者错误，原文链接https://arxiv.org/abs/2005.14165?ref=blog.langchain.dev
Neurips,2025,kGMRb4jbTP,"Aleksandr Vorobev, Anna Veronika Dorogush, and Andrey Gulin",Liudmila Prokhorenkova;Gleb Gusev,2018,Advances in Neural Information Processing Systems,刘欣然,CatBoost: unbiased boosting with categorical features,"Liudmila Prokhorenkova, Gleb Gusev, Aleksandr Vorobev, Anna Veronika Dorogush, Andrey Gulin",2018,1,参考文献题目、作者错误，原文链接https://arxiv.org/abs/1706.09516
Neurips,2024,bc8b2058fd96978a4146f18298cb2d39,Algorithm cnneim-a and its mean complexity,Lei Xu;Pingfan Yan;Tong Chang,1987,Proc. of 2nd international conference on computers and applications,吴福彬/许祖耀,,,,1,"这个很有意思，虽然年代久远，但在Google Scholar上能查到被引用记录，不过引用这篇文献的几乎是同一批人一直引用。同时能找到1987年会议全集的电子影印，于是翻了下ToC,却并没有找到这篇文章。"
Neurips,2023,9d87a0c38431d0ec8d8b8ece95198c04,Algorithm cnneim-a and its mean complexity,Lei Xu;Pingfan Yan;Tong Chang,1987,Proc. of 2nd international conference on computers and applications,吴福彬/许祖耀,,,,1,"这个很有意思，虽然年代久远，但在Google Scholar上能查到被引用记录，不过引用这篇文献的几乎是同一批人一直引用。同时能在Internet Archive上找到1987年会议全集的电子影印，于是翻了下ToC,却并没有找到这篇文章。"
Neurips,2022,74bb24dca8334adce292883b4b651eda,Algorithms for computing D-optimal design on finite design spaces,D Titterington,1976,Proceedings of the 1976 Conf. on Information Science and Systems,罗瑞,Algorithms for computing D-optimal design on finite design spaces,"Silvey, S. D., Titterington, D. H., & Torsney, B.",1978,1,"1976年不可溯源文献，Google Schloar搜不到，也找不到会议记录 找到1978年的对应记录An algorithm for optimal designs on a finite design space
"
Neurips,2022,d241a7b1499cee1bf40769ceade2444d,An asymptotically minimax test of the hypothesis of independence,Y Ingster,1989,Journal of Soviet Mathematics,罗瑞,Asymptotic minimax testing of independence hypothesis,Yu. I. Ingster,1989,0,https://link.springer.com/article/10.1007/BF01095384
Neurips,2025,8Z3KnaYtw9,An Empirial Bayes Estimator of the Mean of a Normal Population,K Miyasawa,1960,Bulletin de l'Institut international de statistique,胡雨欣,An empirical Bayes estimator of the mean of a normal population,Koichi Miyasawa,1961,1,时间为1961，其次标题中的empirial应该为empirical ，链接为https://eurekamag.com/research/096/118/096118275.php?srsltid=AfmBOopiwOzrGh740fXn8aG3dlKuUhEynxxrzhWKv8eazSsnufpIUWDE
Neurips,2021,3ea2db50e62ceefceaf70a9d9a56a6f4,Attacking Graph Neural Networks at Scale. Deep Learning for Graphs at,S Geisler;D Zügner;A Bojchevski;S Günnemann,2021,AAAI Conference on Artificial Intelligence,吴福彬,,,,1,"经分析，作者都有在该论文，原论文名为Robustness of Graph Neural Networks at Scale
。而6次引用的论文名为Attacking Graph Neural Networks at Scale。https://arxiv.org/search/cs?searchtype=author&query=Geisler,+S和https://arxiv.org/abs/2110.14038v4 。同时，这篇论文发表在NIPS 2021，而并非AAAI 2021"
Neurips,2025,NUaIywqBtK,"An introduction to fractional derivatives, fractional differential equations, to methods of their solution and some of their applications",I Podlubny,1999,Math. Sci. Eng,张峰,,,,1,书籍
Neurips,2024,96b42e02294543f0b226f862be75472e,Anomynous title,,2023,Anomynous Author(s),李想,,,,1,"Anonymous匿名引用在最终版中应该取消匿名，这个case很有意思
匿名引用的论文，统一先作为一种引用出错或者无法考证的一种。"
Neurips,2025,sMtiGB2YZT,Optimizing few-step diffusion samplers by gradient descent,Anonymous,2025,Submitted to The Fourteenth International Conference on Learning Representations,胡雨欣,,,,1,"无法确定论文是否存在

匿名引用的论文，统一先作为一种引用出错或者无法考证的一种。尤其是已经发表的论文引用未来投稿的论文"
Neurips,2025,oBikm5Rshc,Applications of llms in legal document analysis,M Garcia;A Thompson,2024,Journal of Legal Technology,张峰,,,,1,未搜到原文
Neurips,2024,4f9a5acd91ac76569f2fe291b1f4772b,Applying the Wasserstein Distance to Astronomical Catalogs,S Portillo;D Finkbeiner,2018,The Astrophysical Journal,罗瑞,,,,1,不存在
Neurips,2024,47908cab4e5b696d7af5c7de69f3b7d2,Approximation of the normal distribution functions by means of a spline function,Giampietro Allasia,1981,Statistica,吴福彬,,,,1,
Neurips,2024,49fb58cfd482a33619d48a5c5910cf3c,Assessing the extent of resection in glioma surgery using intraoperative mri and functional mapping,W Michael;Gerber,2018,Journal of Neurosurgery,吴福彬,,,,0,https://thejns.org/view/journals/j-neurosurg/128/1/j-neurosurg.128.issue-1.xml
Neurips,2025,VwjHVS4zZN,Asymptotic performance of the bootstrap for estimating the distribution of m-estimators,M Ghosh;W Parr;K Singh,1984,Annals of Statistics,罗瑞,,,,1,查无此论文
Neurips,2022,d241a7b1499cee1bf40769ceade2444d,Asymptotically minimax hypothesis testing for nonparametric alternatives,Y Ingster,1993,Journal of Soviet Mathematics,罗瑞,,,,0,论文、作者真实存在，但期刊等信息不对
Neurips,2021,dba4c1a117472f6aca95211285d0587e,Asymptotically minimax image reconstruction problems,P Aleksandr;Aleksandr Korostelev;Cybakov,1991,Sonderforschungsbereich,罗瑞,,"Korostelev, A. P. & Tsybakov, A. B.",,1,作者名称应为 Tsybakov
Neurips,2020,efe34c4e2190e97d1adc625902822b13,AtlasNet: A P\?{a}pier-Mach\'{e} Approach to Learning 3D Surface Generation,Thibault Groueix;Matthew Fisher;Vladimir Kim;Bryan Russell;Mathieu Aubry,2018,Proc. CVPR,罗瑞,AtlasNet: A Papier-Maché Approach to Learning 3D Surface Generation,,,0,真实存在，但引用论文题目瑕疵，法语没渲染好
Neurips,2022,09d22e4155aa4fdadf3dac8c6bd940fe,Augmix: A simple method to improve robustness and uncertainty under data shift,D Hendrycks;*;N Mu;*;E Cubuk;B Zoph;J Gilmer;B Lakshminarayanan,2020,International Conference on Learning Representations (ICLR),吴福彬,,,,0,https://openreview.net/forum?id=S1gmrxHFvB
Neurips,2025,7WPi6VbtH0,Atypical brain connectivity in autism and its functional consequences,M Just;T Keller;V Malave;R Kana;S Varma,2012,Behavioral and Brain Functions,李佳璐,Atypical brain connectivity in autism and its functional consequences,M Just;T Keller;V Malave;R Kana;S Varma,2012,1,被引用次数仅有4次
Neurips,2025,bA9rhgWOHk,Augmenting language models with regression loss on number tokens for arithmetic reasoning,J Zausinger;L Pennig;K Chlodny;V Limbach;A Ketteler;T Prein;V Singh;M Danziger;J Born,2024,The 4th Workshop on Mathematical Reasoning and AI at NeurIPS'24,刘欣然,,,,1,查无此文
Neurips,2025,EXIKFM1Q9R,Augmix: A simple method to improve robustness and uncertainty under data shift,Dan Hendrycks;*;Norman Mu;*;Ekin Dogus Cubuk;Barret Zoph;Justin Gilmer;Balaji Lakshminarayanan,2020,International Conference on Learning Representations,吴福彬,,,,0,标题对不上。https://openreview.net/forum?id=S1gmrxHFvB
Neurips,2025,YEakcHa98a,AugMix: A Simple Method to Improve Robustness and Uncertainty under Data Shift,Dan Hendrycks;*;Norman Mu;*;Ekin Dogus Cubuk;Barret Zoph;Justin Gilmer;Balaji Lakshminarayanan,2020,International Conference on Learning Representations,刘欣然,,,,1,查无此文
Neurips,2024,51cd2b3608d7ae17a9fadcc6e1f68629,Augmix: A simple method to improve robustness and uncertainty under data shift,Dan Hendrycks;*;Norman Mu;*;Ekin Dogus Cubuk;Barret Zoph;Justin Gilmer;Balaji Lakshminarayanan,2020,International Conference on Learning Representations,吴福彬,,,,1,标题对不上。https://openreview.net/forum?id=S1gmrxHFvB
Neurips,2023,0bc795afae289ed465a65a3b4b1f4eb7,Augmix: A simple method to improve robustness and uncertainty under data shift,D Hendrycks;N Mu;E Cubuk;B Zoph;J Gilmer;B Lakshminarayanan,2020,International Conference on Learning Representations,吴福彬,,,,1,标题对不上。https://openreview.net/forum?id=S1gmrxHFvB
Neurips,2023,bf5311df07f3efce97471921e6d2f159,Augmix: A simple method to improve robustness and uncertainty under data shift,Dan Hendrycks;*;Norman Mu;*;Ekin Dogus Cubuk;Barret Zoph;Justin Gilmer;Balaji Lakshminarayanan,2020,International Conference on Learning Representations,吴福彬,,,,1,标题对不上。https://openreview.net/forum?id=S1gmrxHFvB
Neurips,2023,e4165c96702bac5f4962b70f3cf2f136,Augmix: A simple method to improve robustness and uncertainty under data shift,Dan Hendrycks;*;Norman Mu;*;Ekin Dogus Cubuk;Barret Zoph;Justin Gilmer;Balaji Lakshminarayanan,2020,International Conference on Learning Representations,吴福彬,,,,1,标题对不上。https://openreview.net/forum?id=S1gmrxHFvB
Neurips,2023,f3c5e56274140e0420baa3916c529210,Augmix: A simple method to improve robustness and uncertainty under data shift,D Hendrycks;*;N Mu;*;E Cubuk;B Zoph;J Gilmer;B Lakshminarayanan,2020,International Conference on Learning Representations,吴福彬,,,,1,标题对不上。https://openreview.net/forum?id=S1gmrxHFvB
Neurips,2025,rDqZjKIeda,Autogen: Enabling next-gen LLM applications via multi-agent conversation framework,Qingyun Wu;Gagan Bansal;Jieyu Zhang;Yiran Wu;Shaokun Zhang;Erkang Zhu;Beibin Li;Li Jiang;Xiaoyun Zhang;Chi Wang,2024,First Conference on Language Modeling,吴福彬,,,,1,标题对不上。https://arxiv.org/abs/2308.08155
Neurips,2022,6d7a9f292360193eb530d693f7941c73,Augmix: A simple method to improve robustness and uncertainty under data shift,Dan Hendrycks;*;Norman Mu;*;Ekin Dogus Cubuk;Barret Zoph;Justin Gilmer;Balaji Lakshminarayanan,2020,International Conference on Learning Representations,吴福彬,,,,1,标题对不上。https://openreview.net/forum?id=S1gmrxHFvB
Neurips,2021,c902b497eb972281fb5b4e206db38ee6,Augmix: A simple method to improve robustness and uncertainty under data shift,D Hendrycks;N Mu;E Cubuk;B Zoph;J Gilmer;B Lakshminarayanan,2020,International Conference on Learning Representations,吴福彬,,,,1,标题对不上。https://openreview.net/forum?id=S1gmrxHFvB
Neurips,2020,543e83748234f7cbab21aa0ade66565f,AugMix: A Simple Method to Improve Robustness and Uncertainty under Data Shift,D Hendrycks;*;N Mu;*;E Cubuk;B Zoph;J Gilmer;B Lakshminarayanan,2020,International Conference on Learning Representations,李想,AugMix: A Simple Data Processing Method to Improve Robustness and Uncertainty,"Dan Hendrycks*, Norman Mu*, Ekin Dogus Cubuk, Barret Zoph, Justin Gilmer, Balaji Lakshminarayanan",2020,0,题目不正确：https://openreview.net/forum?id=S1gmrxHFvB
Neurips,2025,D88yhLFzDR,Autonomous agents from automatic reward modeling and planning,Zhenfang Chen;Delin Chen;Rui Sun;Wenjun Liu;Chuang Gan,2025,The Thirteenth International Conference on Learning Representations,胡雨欣,Scaling Autonomous Agents via Automatic Reward Modeling And Planning,"Zhenfang Chen, Delin Chen, Rui Sun, Wenjun Liu, Chuang Gan",2025,1,官网标题为Scaling Autonomous Agents via Automatic Reward Modeling And Planning，链接为https://www.semanticscholar.org/paper/Scaling-Autonomous-Agents-via-Automatic-Reward-And-Chen-Chen/0846688b77c8a9f691a9feb4917ba9f6fe4c6360
Neurips,2025,VN5bMTfSZS,Bearing Your Diffusion Model's Limitation: Towards Practical Image Restoration via Pseudo-Reference Generation,Hao Wei,2023,Proceedings of the IEEE/CVF Conference on Computer Vision and Pattern Recognition (CVPR),张峰,,,,1,搜不到文献论文
Neurips,2024,15add6732964d5b1f0954058bf3ccc88,Bepipred-3.0: Improved prediction of b-cell epitopes using protein sequence and structure data,R Clifford,2022,Protein Science,吴福彬,,,,1,简称对上。标题对不上，作者对不上。https://onlinelibrary.wiley.com/doi/10.1002/pro.4497
Neurips,2025,OU6FXkSIe0,Bidirectional relation between cma-es and nes,Youhei Akimoto;Yu Nagata;Isao Ono;Shigenobu Kobayashi,2010,International Conference on Parallel Problem Solving from Nature (PPSN XI),吴福彬,,,,0,题目简写了。https://link.springer.com/chapter/10.1007/978-3-642-15844-5_16
Neurips,2020,00482b9bed15a272730fcb590ffebddd,Bounding the Multivariate Mutual Information,I Fischer,2019,NeurIPS 2019 Wksp. on Information Theory and Machine Learning,吴福彬,,,,1,论文列表找不到。参考文献给的url可以访问，但网上无法确认其相关信息。https://drive.google.com/file/d/17lJiJ4v_6h0p-ist_jCrr-o1ODi7yELx/view
Neurips,2025,ypVW5jvguX,Bridging text and visual semantics for vision-and-language navigation,Yicong Hong;Qi Wu;Zichang Wang;Weizhe Wang;Yang Wu;In So Kweon,2022,European Conference on Computer Vision (ECCV),李佳璐,Bridging Text and Visual Semantics for Vision-and-Language Navigation,"Yicong Hong, Qi Wu, Zichang Wang, Weizhe Wang, Yang Wu, and In So Kweon",2022,1,未检索到，也无相关引用
Neurips,2020,08e5d8066881eab185d0de9db3b36c7f,Classifier cascade: Tradeoff between accuracy and feature evaluation cost,M Chen;Z Xu;K Weinberger;O Chapelle;D Kedem,2012,International Conference on Artificial Intelligence and Statistics,吴福彬,,,,1,标题对不上。https://proceedings.mlr.press/v22/chen12c.html
Neurips,2024,7d60f19a8e5766910fd1798dc953869a,Challenges in using structural connectomes to predict cognitive states,Jane Smith;Michael Brown,2020,Neuroscience Letters,吴福彬,,,,1,论文列表找不到。https://www.sciencedirect.com/journal/neuroscience-letters/issues
Neurips,2025,8LMwwt8E2s,"Claire is dancing with Jamie, Dave is dancing with Izzi, Eve is dancing with Sam, Fred is dancing with Karl, and Gertrude is dancing with Helga. Throughout the song, the dancers often trade partners. First, Alice and Claire switch partners. Then, Bob and Fred switch partners. Then, Claire and Dave switch partners. Then, Alice and Fred switch partners. Then, Claire and Alice switch partners. Then, Bob and Eve switch partners. Finally, Eve and Gertrude switch partners",Bob Alice;Claire;Dave;Fred Eve,,"At the end of the dance, Eve is dancing with Options: (A) Lola (B) Rodrigo (C) Jamie (D) Izzi (E) Sam (F) Karl (G) Helga Target: (G) FUSELLM: Let's think step by step. (0) At the start: Alice: Lola, Bob: Rodrigo, Claire: Jamie, Dave: Izzi, Eve: Sam, Fred: Karl, Gertrude: Helga. (1) Alice and Claire switch partners: Alice: Rodrigo, Claire: Lola, Dave: Izzi, Eve: Sam, Fred: Karl, Gertrude: Helga. (2) Bob and Fred switch partners: Alice: Rodrigo, Claire: Lola, Dave: Izzi, Eve: Sam, Fred: Karl, Gertrude: Helga. (3) Claire and Dave switch partners: Alice: Rodrigo, Claire: Lola, Bob: Izzi, Eve: Sam, Fred: Karl, Gertrude: Helga. (4) Alice and Fred switch partners: Alice: Izzi, Claire: Lola, Bob: Rodrigo, Dave: Sam, Eve: Karl, Gertrude: Helga. (5) Claire and Alice switch partners: Alice: Izzi, Claire: Lola",张峰,,,,1,未搜到原文
Neurips,2025,kWGJa9ZO3M,Closer look at summarization evaluations,Satanjeev Banerjee;Alon Lavie,2005,Proceedings of the workshop on empirical modeling of semantic equivalence and entailment,刘欣然,METEOR: An Automatic Metric for MT Evaluation withImproved Correlation with Human Judgments,Satanjeev Banerjee;Alon Lavie,2005,0,参考文献题目错误，原文链接https://www.semanticscholar.org/paper/METEOR%3A-An-Automatic-Metric-for-MT-Evaluation-with-Banerjee-Lavie/7533d30329cfdbf04ee8ee82bfef792d08015ee5
Neurips,2025,II0T40Q785,Coarse-grained physics-based prediction of three-dimensional unsteady flows via neural networks,Alejandro Güemes;Stefano Discetti;Andrea Ianiro,2021,Science Advances,李佳璐,Coarse-grained physics-based prediction of three-dimensional unsteady flows via neural networks,"Alejandro Güemes, Stefano Discetti, Andrea Ianiro",2021,1,未检索到，也无相关引用
Neurips,2025,Qabko39AS5,Comparisons of data mining techniques for predicting real-estate prices,I-Cheng Yeh;Ting-Kuei Hsu,2009,The International Journal of Artificial Intelligence Tools,吴福彬,,,,1,论文列表找不到。页码对不上。https://www.worldscientific.com/toc/ijait/18/03
Neurips,2025,FfccSikDfZ,Complexity of Optimal Tensor Network Contraction Sequences,Jianyu Xu;Wei Li;Ming Zhao,2023,Journal of Computational Physics,罗瑞,,,,1,
Neurips,2025,pGRjDetCDM,Comprehensive benchmarking of spatial transcriptomics alignment methods,Xin Hu,2023,Nature Biotechnology,罗瑞,"Benchmarking clustering, alignment, and integration methods for spatial transcriptomics","Yunfei Hu, 
Manfei Xie, 
Yikang Li, 
Mingxing Rao, 
Wenjun Shen, 
Can Luo, 
Haoran Qin, 
Jihoon Baek & 
Xin Maizie Zhou",2024,1,幻觉，存在一个相似标题的的真实论文
Neurips,2025,8Q4xTf2SYC,"Computational cognitive science: Building a bridge to physics, narrowing the gap with biology",J Tenenbaum,2020,Current Opinion in Behavioral Sciences,罗瑞,,,,1,
Neurips,2025,5nBwN6XQOD,Conformational transitions of proteins in water and in aqueous mixtures,J Brandts,1969,Structure and Stability of Biological Macromolecules,刘欣然,Chapter 3: Conformational Transitions of Proteins in Water and in Aqueous Mixtures,JF Brandts,1969,1,参考文献作者错误，原文链接https://xueshu.baidu.com/ndscholar/browse/detail?paperid=a8d2fa0a2f434f199f26b19d1fe30988&site=xueshu_se
Neurips,2025,VN5bMTfSZS,Consistency in Diffusion Models: Improving Noise Embeddings,Author Song;Anotherauthor Zhang,2023,IEEE Transactions on Pattern Analysis and Machine Intelligence,张峰,,,,1,搜不到文献论文
Neurips,2025,nfZmQgxyyN,Continuous-time Transformer for Irregular Time-series Predictions,Y Chen;Q Wang;Y Fu,,Advances in Neural Information Processing Systems (NeurIPS),刘欣然,,,,1,查无此文
Neurips,2022,354892587fe39b17c2b727af02abff4a,Contrastive learning for conditional image synthesis,Taesung Park;Alexei Efros;Richard Zhang;Jun-Yan Zhu,2020,ECCV,吴福彬,,,,0,论文标题对不上。https://link.springer.com/chapter/10.1007/978-3-030-58545-7_19
Neurips,2020,88855547570f7ff053fff7c54e5148cc,Contrastive learning for conditional image synthesis,Taesung Park;Alexei Efros;Richard Zhang;Jun-Yan Zhu,2020,ECCV,李想,Contrastive Learning for Unpaired Image-to-Image Translation,Taesung Park Alexei A. Efros Richard Zhang Jun-Yan Zhu,2020,1,"被引用了49次，一直被引用错误，原文：https://www.ecva.net/papers/eccv_2020/papers_ECCV/html/792_ECCV_2020_paper.php，与NIPS 2020的ContraGAN: contrastive learning for conditional image generation论文可能一直搞混了
https://dl.acm.org/doi/10.5555/3495724.3497517"
Neurips,2024,17b08a9de93e2accf13429643e7eafdc,"Convergence of descent methods for definable and tame problems: Proximal algorithms, forward-backward splitting, and regularized gauss-seidel methods",H Attouch;J Bolte;B Svaiter,2013,Mathematical Programming,吴福彬,,,,1,标题不一致。https://dblp.org/db/journals/mp/mp137.html
Neurips,2020,e1228be46de6a0234ac22ded31417bc7,Coronavirus effects on pregnant women in the world,Naushad Khan;Anees Muhammad;Mahnoor Naushad;Angila Robin,2020,Available at SSRN,李想,Critical Review of Corona Virus Effects on Pregnant Women in the World,"Khan, Naushad and Naushad, Mahnoor and Fahad, Shah",2020,1,"题目少内容，作者少一位
https://papers.ssrn.com/sol3/papers.cfm?abstract_id=3583035"
Neurips,2025,OU6FXkSIe0,Covariance matrix adaptation and inverse hessian on convex quadratic functions,M Ofer;Amir Shir;Yehudayoff,2019,Proceedings of the 15th ACM/SIGEVO Conference on Foundations of Genetic Algorithms (FOGA),吴福彬,,,,1,论文列表找不到。https://dl.acm.org/doi/proceedings/10.1145/3299904
Neurips,2022,9d3faa41886997cfc2128b930077fa49,Counterfactual neural temporal point process for misinformation impact estimation on social media,Yizhou Zhang;Defu Cao;Yan Liu,2022,Advances in neural information processing systems,吴福彬,,,,1,标题对不上。https://proceedings.neurips.cc/paper/2023
Neurips,2024,15add6732964d5b1f0954058bf3ccc88,Csm-ab: A deep learning-based approach for predicting antibody-antigen binding sites,J Myung,2021,Bioinformatics,吴福彬,,,,1,https://academic.oup.com/bioinformatics/article/38/4/1141/6420700
Neurips,2023,7c10e259c7e56fa218ee03d9ae7d728e,Cvi-slam-collaborative visual-inertial slam,Marco Karrer;Patrik Schmuck;Margarita Chli,2018,IEEE Robotics and Automation Letters,吴福彬,,,,1,https://ieeexplore.ieee.org/document/8360045
Neurips,2020,985e9a46e10005356bbaf194249f6856,D-malt: Diverse multi-adversarial learning for transfer,Eugene Vinitsky;Kanaad Parvate;Yuqing Du;Pieter Abbeel;Alexandre Bayen,,Submission to ICML 2020,吴福彬,,,,1,找不到。可能撤稿
Neurips,2021,a613863f6a3ada47ae5bca2a558872d1,DART: noise injection for robust behavior cloning,Michael Laskey;Jonathan Lee;Roy Fox;Anca Dragan;Ken Goldberg,2017,CoRL,胡雨欣,DART: Noise Injection for Robust Imitation Learning,"Michael Laskey, Jonathan Lee, Roy Fox, Anca Dragan, Ken Goldberg",2017,1,与论文官网出版名字不一致，链接为https://proceedings.mlr.press/v78/laskey17a
Neurips,2022,49d608425f1bee2864e034a9e9e1ec9e,Decoding and encoding retinal ganglion cell responses with deep neural networks,Thierry Mora;Olivier Marre;David Schwab;Stephanie Palmer,,NeurIPS2016 workshop: Brains and Bits,李佳璐,,,,1,未检索到，仅有2次引用
Neurips,2025,UCV21BsuqA,DecStar-2023,Daniel Gnad;álvaro Torralba;Alexander Shleyfman,2023,IPC-10 Planner Abstracts,张峰,,,,1,未搜到文献论文
Neurips,2025,BND9CutZf6,Deep embedded clustering with perturbation guidance,Kamran Ghasedi Dizaji;Amir Herandi;Cheng Deng;Weidong Cai;Heng Huang,2017,Proceedings of the AAAI Conference on Artificial Intelligence,张峰,,,,1,未搜到文献
Neurips,2025,vZfqDwF09z,"Deep graph neural networks with over-smoothing: Problems, solutions and research opportunities",Qimai Li;Zonghan Han;Xiao-Ming Wu,2021,IEEE Transactions on Knowledge and Data Engineering,吴福彬,,,,1,论文列表找不到。https://dblp.org/db/journals/tkde/tkde33.html
Neurips,2025,15GCs8DoSm,Deep koopman operator: A model-free approach to nonlinear dynamical systems,Mingliang Han;W Bingni;Phelan Wei;Senatus;D J?rg;Mason Winkel;I-Han Youngblood;David Lee;Mandell,2020,Chaos: An Interdisciplinary Journal of Nonlinear Science,张政泽,Deep koopman operator: A model-free approach to nonlinear dynamical systems.,"Mingliang Han, Bingni W Wei, Phelan Senatus, J?rg D Winkel, Mason Youngblood, I-Han Lee, andDavid J Mandell.",2020,1,未找到该文章，https://pubs.aip.org/aip/cha/article-abstract/30/12/123135/1074648/A-logistic-model-and-predictions-for-the-spread-of?redirectedFrom=fulltext
Neurips,2025,WQb0YrFl3H,Deep learning techniques for avatar-based interaction in virtual environments,John Smith;Jane Doe,2021,IEEE Transactions on Neural Networks and Learning Systems,吴福彬,,,,1,论文列表找不到。https://dblp.org/db/journals/tnn/tnn32.html
Neurips,2022,ed189de2611f200bd4c2ab30c576e99e,Deepip: Deep neural network intellectual property protection with passports,Lixin Fan;Kam Ng;Chee Seng Chan;Qiang Yang,2021,IEEE Transactions on Pattern Analysis and Machine Intelligence,吴福彬,,,,1,论文列表找不到。https://dblp.org/db/journals/pami/pami43.html
Neurips,2024,f2b86cbc0b3e31dd001aeb516afbe1e2,Defining the spectrum of international human genetic variation,M Greg;Jay Cooper;Shendure,2010,Nature Reviews Genetics,吴福彬,,,,1,论文列表找不到。https://www.nature.com/articles/nrg2841
Neurips,2025,XqHrG8lBai,Dense error correction via ? 1 -minimization,J Wright;Y Ma,2010,IEEE Transactions on Information Theory,刘欣然,,,,1,查无此文
Neurips,2025,BpSGN4pErp,Detecting coherent eddies in ocean transport using transfer operators,Naratip Santitissadeekorn;Gary Froyland;Adam Monahan,2010,Physica D: Nonlinear Phenomena,李佳璐,,,,0,检索到相同作者的一篇论文，标题有相似，Detection of Coherent Oceanic Structures via Transfer Operatorshttps://journals.aps.org/prl/abstract/10.1103/PhysRevLett.98.224503
Neurips,2023,575c450013d0e99e4b0ecf82bd1afaa4,Detection of artificial texts,E Grechnikov;G Gusev;A Kustarev;A Raigorodsky,2009,RCDL2009 Proceedings,李佳璐,,,,1,未检索到，也无相关引用
Neurips,2022,f6ccfa588d2a95bef5a3b101c02524c9,Detection of the disorder in multidimensional random-processes,L Vostrikova,1981,Doklady Akademii Nauk SSSR,李佳璐,,,,1,检索到相同作者的一篇论文，标题有相似，Detecting “disorder” in multidimensional random processeshttps://www.mathnet.ru/php/archive.phtml?wshow=paper&jrnid=dan&paperid=44582&option_lang=eng
Neurips,2024,baa66b34c11716bdff4854bbc8e667e4,Development trends of image aesthetic quality evaluation techniques,Xin Jin;Bin Zhou;Dongqing Zou;Xiaodong Li;Hongbo Sun;Le Wu,2018,Science and Technology Review,吴福彬,,,,1,翻译对不上。http://www.kjdb.org/CN/10.3981/j.issn.1000-7857.2018.09.005
Neurips,2025,4FUdUFvvmp,Diffurecsys: Diffusion-based generative modeling for sequential recommendation,Mohsen Majid Zolghadr;Jiawei Jamali;Zhang,2024,Proceedings of the ACM Web Conference (WWW),吴福彬,,,,1,论文列表找不到。页码对不上。给的doi访问不了。https://dblp.org/db/conf/www/www2024.html
Neurips,2024,bdabb5d4262bcfb6a1d529d690a6c82b,DiffPO: A causal diffusion model for predicting potential outcomes of treatments,Yuchen Ma,2024,Advances in Neural Information Processing Systems,吴福彬,,,,0,题目对不上。https://papers.nips.cc/paper_files/paper/2024/hash/4d254c96c5ff500dda2ac0a58987aeba-Abstract-Conference.html
Neurips,2025,IIgVYnadfR,Diffsound: Differential sound manipulation with a few-shot supervision,Jeongseung Park;Minseon Yang;Minz Park;Geonseok Lee,2021,Proceedings of the IEEE/CVF Conference on Computer Vision and Pattern Recognition (CVPR) Workshops,吴福彬,,,,1,论文列表找不到。https://openaccess.thecvf.com/CVPR2021?day=all
Neurips,2025,dxK2QgEKvz,Diffusion mri-based fiber orientation distribution synthesis using gan-vae hybrid models,Sebastian,2025,Communications Biology,张政泽,Diffusion MRI GAN synthesizing fibre orientation distribution data using generative adversarial networks,Sebastian et al. Vellmer.,2025,0,文献名错误，https://pmc.ncbi.nlm.nih.gov/articles/PMC11953217/
Neurips,2021,e5841df2166dd424a57127423d276bbe,"Discovering, predicting, and planning with objects",J Co-Reyes;R Veerapaneni;M Chang;M Janner;C Finn;J Wu;J Tenenbaum;S Levine,2019,International Conference on Machine Learning Workshop,吴福彬,,,,1,论文列表找不到。https://proceedings.mlr.press/v97/
Neurips,2022,4e9d8aeeab6120c3c83ccf95d4c211d3,Disambiguation of chinese polyphonic characters,Hong Zhang;Jiangsheng Yu;Weidong Zhan;Shiwen Yu,2001,The First International Workshop on MultiMedia Annotation (MMA2001),吴福彬,,,,1,找不到
Neurips,2020,cae7115f44837c806c9b23ed00a1a28a,Discovering influence structure,Jalal Etesami;Negar Kiyavash,2016,IEEE ISIT,李想,Interventional dependency graphs: An approach for discovering influence structure,"Jalal Etesami, Negar Kiyavash",2016,0,论文题目缺少前一半：https://ieeexplore.ieee.org/document/7541481
Neurips,2025,Lz5BUjArK4,Discriminative features for fast frame-based phoneme classification,Nitish Srivastava;Ruslan Salakhutdinov,2013,Neural networks,吴福彬,,,,1,论文列表找不到。页码对不上。https://dblp.org/db/journals/nn/nn47.html
Neurips,2021,362c99307cdc3f2d8b410652386a9dd1,Distributed variance reduction with optimal communication,Peter Davies;Vijaykrishna Gurunathan;Niusha Moshrefi,2021,"Proceedings of the International Conference on Learning Representations, ICLR 2021. Full version available at",吴福彬,,,,1,题目对不上。https://openreview.net/forum?id=t86MwoUCCNe
Neurips,2025,VN5bMTfSZS,Diverse Denoising: Exploring Noise Modulation in Diffusion Models,Author Li;Anotherauthor Wang,2023,Journal of Machine Learning Research,张峰,,,,1,搜不到文献论文
Neurips,2025,xs5aoDH3HX,Dnabert-2: Efficient and interpretable pre-trained language models for genomic sequences,Zhemin Zhou;Yuning Ji;Han Liu;Ramana Davuluri,2024,bioRxiv,张峰,,,,1,未找到原文献
Neurips,2025,CAz7UGRdLs,Dreamer: Efficient reinforcement learning through latent imagination,Danijar Hafner;Timothy Lillicrap;Jimmy Ba;Mohammad Norouzi,2020,International Conference on Machine Learning,张峰,,,,0,标题错误，原文章链接https://arxiv.org/abs/1912.01603
Neurips,2024,e08e1a60c006ac3f0c9f953626b0f0c8,Dsplay: An efficient dynamic priority queue structure for discrete event simulation,Rick Siow;Mong Goh;Ian Li;-Jin Thng,2004,Proceedings of the SimTecT Simulation Technology and Training Conference,吴福彬,,,,1,找不到
Neurips,2025,movsqor65f,Efficient low-rank adaptation with random matrices,D Kopiczko;T Blankevoort;Y Asano;Elora,2024,The Twelfth International Conference on Learning Representations,吴福彬,,,,1,论文列表找不到
Neurips,2020,0a656cc19f3f5b41530182a9e03982a4,Dynamic Edge-Conditioned Graph Convolutional Network,M Simonovsky;N Komodakis,2017,IEEE Conf. on Computer Vision and Pattern Recognition (CVPR),吴福彬,,,,0,标题对不上。https://ieeexplore.ieee.org/document/8099494
Neurips,2025,yPC9zmkQgG,Dynamic programming selection of object proposals for sequence-level animal species classification in the wild,Hayder Yousif;Roland Kays;Zhihai He,2019,IEEE Transactions on Circuits and Systems for Video Technology,张峰,,,,1,未搜到原文
Neurips,2023,47fc64d05a394955b1ae2487bfef1ab0,Dynamicd: High-fidelity image generation via dynamic capacity adjustment of discriminator,Kaiyang Zhou;Han Zhang;Wenqi Xie;Yunpeng Chen;Hongtao Liu;Tong Zhang,2021,CVPR,胡雨欣,,,,1,官网找不到文章
Neurips,2025,nfZmQgxyyN,Early Recognition of Sepsis with Heteroscedastic Temporal Variational Autoencoders,M Moor;B Rieck;M Horn;C Jutzeler;K Borgwardt,2021,International Conference on Machine Learning (ICML),李佳璐,Early Prediction of Sepsis from Heteroscedastic Lab Data Using Temporal Variational Autoencoders,"Moor, M., Rieck, B., Horn, M., Jutzeler, C. R., & Borgwardt, K.",2021,1,未检索到，也无相关引用
Neurips,2025,2Twzlf6qFv,Easyr1: A modular toolkit for reinforcement learning with language models,Yaowei Zheng;Junting Lu;Shenzhi Wang;Zhangchi Feng;Dongdong Kuang;Yuwen Xiong,2025,Proceedings of the 41st International Conference on Machine Learning (ICML),李佳璐,EasyR1: A Modular Toolkit for Reinforcement Learning with Language Models,"Yaowei Zheng, Junting Lu, Shenzhi Wang, Zhangchi Feng, Dongdong Kuang, Yuwen Xiong",2025,1,未检索到
Neurips,2022,89e44582fd28ddfea1ea4dcb0ebbf4b0,Economic value of weather forecasts on transportation-impacts of weather forecast quality developments to the economic effects of severe weather,Vaino Nurmi;Adriaan Perrels;Pertti Nurmi;Silas Michaelides,2012,"Spyros Athanasatos, and Matheos Papadakis",李佳璐,,,,1,未检索到，也无相关引用，有一个相似题目存在。Publication: The Economic Value of Weather Forecasts: A Quantitative Systematic Literature Review
Neurips,2025,4JLZsmWBJf,Efficient 3d gaussian splatting for real-time neural rendering,Bernd Kerbl;Thomas Müller;Paolo Favaro,2022,CVPR,罗瑞,,,,1,假
Neurips,2025,onhjdWCxZY,Efficient graph data loading via gpu direct storage for large-scale gnn training,Yu Chen;Jian Tang;Yang Liu,,Proceedings of the 42nd International Conference on Machine Learning (ICML),吴福彬,,,,1,论文列表找不到。https://icml.cc/virtual/2025/papers.html
Neurips,2024,48c368f105e8145b945227b73255635a,ELoRA: Efficient low-rank adaptation with random matrices,Jan Dawid;Tijmen Kopiczko;Yuki Blankevoort;Asano,2024,The Twelfth International Conference on Learning Representations,吴福彬,,,,1,论文列表找不到
Neurips,2021,3ea2db50e62ceefceaf70a9d9a56a6f4,Efficient Robustness Certificates for Graph Neural Networks via Sparsity-Aware Randomized Smoothing,A Bojchevski;J Klicpera;S Günnemann,2020,"37th International Conference on Machine Learning, ICML",吴福彬,,,,0,题目对不上。https://icml.cc/Conferences/2020/PosterSchedule
Neurips,2020,99e314b1b43706773153e7ef375fc68c,Efficient Robustness Certificates for Graph Neural Networks via Sparsity-Aware Randomized Smoothing (see URL for an anonymous preprint of the accepted paper),A Bojchevski;J Klicpera;S Günnemann,2020,"37th International Conference on Machine Learning, ICML 2020",吴福彬,,,,0,题目对不上。https://icml.cc/Conferences/2020/PosterSchedule
Neurips,2021,a613863f6a3ada47ae5bca2a558872d1,End-to-end driving via conditional behavior cloning,Felipe Codevilla;Matthias Miiller;Antonio López;Vladlen Koltun;Alexey Dosovitskiy,2018,2018 IEEE International Conference on Robotics and Automation (ICRA),吴福彬,,,,1,论文页码不是这个标题。https://ieeexplore.ieee.org/xpl/conhome/8449910/proceeding
Neurips,2025,Zb3QO7HLIj,EST: Event spatio-temporal transformer for object recognition with event cameras,Zhipeng Zhang;Chang Liu;Shihan Wu;Yan Zhao,2023,"ICASSP 2023 -2023 IEEE International Conference on Acoustics, Speech and Signal Processing (ICASSP)",吴福彬,,,,1,论文列表找不到。https://dblp.org/db/conf/icassp/icassp2023.html和https://dblp.org/db/conf/icassp/icassp2023w.html
Neurips,2025,6ZkcC9NmGU,Estimating the gradients of the log-density,A Hyv?rinen,2005,Advances in Neural Information Processing Systems (NeurIPS),吴福彬,,,,1,论文列表找不到。https://papers.nips.cc/paper/2005
Neurips,2024,4ee3ac2cd119023c79b0d21c4a464dc7,Eugene2023collectiveized multi-agent settings,E Vinitsky;R K?ster;J Agapiou;E Dué?ez-Guzmán;A Vezhnevets;J Leibo,,Collective Intelligence,李佳璐,,,,1,标题开头“Eugene2023collectiveized”应为笔误，其中“Eugene2023”可能混入了其他文本。）未检索到
Neurips,2025,LNsGnfXS2V,Evaluation of informational complexity of mathematicalprogramming programs,Db Iudin;S Arkadi;Nemirovskii,1977,Matekon,胡雨欣,,,,1,无法找到文章，且谷歌学术也没有查找到其他文章对其得引用
Neurips,2025,Zb3QO7HLIj,Event-based harris corner detection for neuromorphic vision sensors,Valentina Vasco;Arren Glover;Chiara Bartolozzi,2016,2016 IEEE/RSJ International Conference on Intelligent Robots and Systems (IROS),吴福彬,,,,0,标题对不上。https://doi.org/10.1109/IROS.2016.7759610
Neurips,2025,Zb3QO7HLIj,Eventgts: Event-based graph tracking system with spatio-temporal pyramid attention,Lei Shi;Yezhou Wang;Shang Xu,2023,Proceedings of the IEEE/CVF International Conference on Computer Vision (ICCV),吴福彬,,,,1,论文列表找不到。https://openaccess.thecvf.com/ICCV2023
Neurips,2025,GPTI9GNAYH,Evit: Eliminating redundant visual tokens for efficient vision transformer,Hao Liang;Xiaoyu Shen;Yujing Zhu;Zhihao Huang;Zhiqiang Wang;Feng Huang,,Proceedings of the IEEE/CVF Conference on Computer Vision and Pattern Recognition (CVPR),吴福彬,,,,1,找不到
Neurips,2024,a102dd5931da01e1b40205490513304c,"Examples for Memorization of Single Neurons To illustrate that some single neurons are responsible for memorizing multiple training prompts, we generated images with and without these specific neurons deactivated",,1985,Watch: Passion Pit's New Video,李佳璐,,,,1,未检索到，也无相关引用
Neurips,2025,x0i7wvRLHK,"Existence, computation, and implications of Rashomon sets",Lesia Semenova;Cynthia Rudin;Ron Parr,2022,Machine Learning,张峰,,,,1,未搜到文献论文
Neurips,2023,7945ab41f2aada1247a7c95e75cdf6c8,Experiments in sentiment classification of movie reviews in spanish,Fermin L Cruz;Jose Troyano;Fernando Enriquez;Javier Ortega,2008,Procesamiento del Lenguaje Natural,吴福彬,,,,1,https://cqvip.com/doc/journal/00854JP1MPD88J5XM7C00JP1MPDO0?sign=b1147cf04615c34549c95d0644d505acb4c9f32271e4982f41c972b8cdadbfcb&expireTime=1799945145723&resourceId=00854JP1MPD88J5XM7C00JP1MPDO0
Neurips,2025,xdNAVP7TGy,FAFO: Lossy KV cache compression for lossless inference acceleration via draftless fumble decoding,Anonymous,2025,Submitted to The Fourteenth International Conference on Learning Representations,刘欣然,,,,1,"查无此文
匿名引用的论文，统一先作为一种引用出错或者无法考证的一种。"
Neurips,2025,VN5bMTfSZS,Feature importance for machine learning rediscovers known pathophysiology in glaucomatous optic nerve head,Stefan Maetschke,2019,Investigative Ophthalmology & Visual Science,张峰,,,,1,搜不到文献论文
Neurips,2025,LP4Q7tPMbs,Fedclip: A federated learning framework for vision-language models,Yijie Zang,2023,NeurIPS,胡雨欣,,,,1,无法找到这篇文章
Neurips,2025,uih8cWS3JF,Flow complexity and heavytailed delays in packet networks,Fran?ois Baccelli;H Gérard;Etienne Taché;Altman,2002,Performance Evaluation,李佳璐,,,,1,未检索到，也无相关引用
Neurips,2025,1amnhVRQ3l,Grounded decoding with visual descriptions reduces hallucination in large vision-language models,Sarthak Ghosh;Ben Lee;Jean-Baptiste Alayrac;Xuhong Zhai;Christoph Feichtenhofer;Joao Carreira;Ishan Misra,,International Conference on Learning Representations (ICLR),吴福彬,,,,1,标题对不上。https://arxiv.org/abs/2405.15683
Neurips,2022,495e55f361708bedbab5d81f92048dcd,Forced vibrations with variable natural frequencies and their technical significance,G Duffing,1918,F. Vieweg und Sohn,李佳璐,,,,1,未检索到，也无相关引用
Neurips,2025,KQTp6ljvlo,Frequency domain mixing for long-tailed ssl,Zhiwei Xu;Yifan Li;Zhe Zhang,2021,CVPR,张峰,,,,1,未找到原文献
Neurips,2025,pGRjDetCDM,Fused gromov-wasserstein distances for structured data,Tristan Vayer;Ludovic Chapel;Rémi Flamary;Rémi Tavenard;Nicolas Courty,2019,Proceedings of the 36th International Conference on Machine Learning (ICML),吴福彬,,,,1,论文列表找不到。页码对不上。https://proceedings.mlr.press/v97/
Neurips,2025,GPTI9GNAYH,Gaborvit: Global attention with local frequency awareness,Lele Xu;Chen Lin;Hongyu Zhao,,European Conference on Computer Vision (ECCV),吴福彬,,,,1,找不到
Neurips,2020,d2dc6368837861b42020ee72b0896182,Gbm segmentation with 3d u-net and survival prediction with radiomics,Ujjwal Baid;Abhishek Mahajan;Sanjay Talbar;Swapnil Rane;Siddhesh Thakur;Aliasgar Moiyadi;Meenakshi Thakur;Sudeep Gupta,2018,International MICCAI Brainlesion Workshop,李想,,,,1,"workshop论文集中找不到
https://link.springer.com/book/10.1007/978-3-030-11723-8
根据一作的scholar，这一篇应该是workshop下面challenge的一篇文章，但是没有公布，无法考证。按照workshop的引用来说确实是不存在的
challenge里面也找不到：https://arxiv.org/abs/1811.02629"
Neurips,2025,Zb3QO7HLIj,GEC-Net: Graph-embedded event camera classification,Zhao Bi;Aayush Chadha;Ahmed Abbas,2020,Proceedings of the IEEE/CVF Conference on Computer Vision and Pattern Recognition Workshops (CVPRW),吴福彬,,,,1,论文列表找不到。https://openaccess.thecvf.com/CVPR2020_workshops/menu
Neurips,2025,VswQY0peMr,Generalizing hamiltonian mechanics with learned symplectic structure,Marc Finzi;Samuel Stanton;Pavel Izmailov;Andrew Gordon;Wilson,2020,International Conference on Machine Learning (ICML),刘欣然,,,,1,查无此文
Neurips,2021,0397758f8990c1b41b81b43ac389ab9f,Generating Random Rotations,Rwm Wedderburn,1975,Research Report,李佳璐,,,,1,只检索到一篇标题相似的文献，"Random" generation of rotation matrices
Neurips,2021,a613863f6a3ada47ae5bca2a558872d1,Generative adversarial behavior cloning,Jonathan Ho;Stefano Ermon,2016,Advances in Neural Information Processing Systems,吴福彬,,,,1,
Neurips,2025,WQb0YrFl3H,Generative adversarial networks for hyper-realistic avatar creation,Min-Jun Lee;Soo-Young Kim,2022,Proceedings of the IEEE/CVF Conference on Computer Vision and Pattern Recognition (CVPR),吴福彬,,,,1,论文给的链接访问不了，很明显AI。https://ieeexplore.ieee.org/document/001234
Neurips,2025,VswQY0peMr,Geometric constraints in molecular simulations via differential geometry,James Townsend;Eric Vogeley;Christoph Wehmeyer;Frank Noé,2021,Journal of Chemical Physics,刘欣然,,,,1,查无此文
Neurips,2023,1ec408df112bc9b186d7b8fe0ada902a,Geon differences during recognition are more salient than metric differences,E Cooper;I Biederman,1993,34th Annual Meeting of the,李佳璐,,,,1,被引用次数有9次
Neurips,2025,PhHrlDKcx1,Gflownet-em for sequential structured prediction,Ling Pan;Nikolay Malkin;Dinghuai Zhang;Yoshua Bengio,,International Conference on Machine Learning (ICML),张峰,,,,1,未搜到原文
Neurips,2025,ROfYsQ2KNV,Global context-aware code summarization,V Hellendoorn;Z Ye;C Shipwright;J Gilmer;D Tarlow,,IEEE/ACM International Conference on Software Engineering (ICSE),刘欣然,,,,1,查无此文
Neurips,2025,XEGDKcoQQ1,Goal-conditioned diffusion policies for robotic manipulation,B Emami;D Ghosh;A Zeng;S Levine,,Conference on Robot Learning (CoRL),张峰,,,,1,搜不到文献论文
Neurips,2025,pGRjDetCDM,Gpsa: Gene expression and histology-based spatial alignment,David Jones,2023,Nature Methods,许祖耀,Alignment of spatial genomics data using deep Gaussian processes,"Andrew Jones, 
F. William Townes, 
Didong Li & 
Barbara E. Engelhardt",2023,1,标题和作者完全错误，其应用的GPSA，应该是2023年发布在Nature Methods上的另一个文章
Neurips,2025,qmbG6u7DK0,Graph continual learning: Challenges and benchmarks,W Jiang;X Li;J Zhang,,Proceedings of the 38th International Conference on Machine Learning (ICML),胡雨欣,,,,1,无法找到文章
Neurips,2025,tGLZj8GWx3,Graphs with bounded radial order are small,David Eppstein,1995,Proceedings of the 3rd Annual European Symposium on Algorithms (ESA),李佳璐,,,,1,未检索到，也无相关引用
Neurips,2025,iO2wfcFfHK,Grat: a formally verified (un) sat proof checker,P Lammich,2023,SAT COMPETITION 2023,刘欣然,,,,1,查无此文
Neurips,2025,xs5aoDH3HX,Grover: A byte-pair encoded genomic language model learns regulatory elements,Raymond Sanabria;Soobin Kim;Jacob Linder;Anshul Kundaje,2024,bioRxiv,张峰,,,,1,未找到原文献
Neurips,2024,450c10220669b024e46d638bfe347558,Guaranteed margins for LQG regulators,John Doyle,2003,IEEE Transactions on automatic Control,吴福彬,,,,1,论文列表找不到。https://dblp.org/db/journals/tac/tac48.html
Neurips,2025,jvObbvshjE,GUDHI User and Reference Manual,T Project,2025,GUDHI Editorial Board,张峰,,,,1,未搜到原文献
Neurips,2025,xud9JYzgSp,Handling ambiguity in natural language code generation,Li Shen;Yicong Xu;Hongbo Wang,2022,Transactions of the Association for Computational Linguistics,罗瑞,,,,1,不存在
Neurips,2024,05fbf28602c5c2c994499db18363fbbb,Handling missing modalities in multimodal representations using bipartite graphs,Zhu You,2020,ICLR,吴福彬,,,,1,论文列表找不到。https://dblp.org/db/conf/iclr/iclr2020.html
Neurips,2025,uih8cWS3JF,Heavy-tailed distributions in online ad response: A marketing analytics perspective,Saravanan Jebarajakirthy;Paurav Shukla;Prashant Palvia,2021,Journal of Business Research,罗瑞,,,,1,
Neurips,2025,uih8cWS3JF,Heavy-tailed distributions in the amplitude of neural oscillations,James Roberts;A László;Brenton Varnai;David Houghton;Hughes,2015,Journal of Neuroscience,罗瑞,,,,1,
Neurips,2025,YGIbwfNWot,Hierarchical protocols for multi-agent 3d scene understanding,Erfan Aghasian;Shai Avidan;Piotr Dollar;Justin Johnson,2021,CVPR,罗瑞,,,,1,幻觉论文，GPTzero报告特别指出
Neurips,2024,49fb58cfd482a33619d48a5c5910cf3c,Hypoxia imaging with fazapet: A new approach for target definition in glioblastoma multiforme,Anca-Ligia Grosu;Michael Souvatzoglou;Beate Roper,2005,International Journal of Radiation Oncology,吴福彬,,,,1,论文列表找不到。页码对不上。https://www.sciencedirect.com/journal/international-journal-of-radiation-oncology-biology-physics/vol/63/issue/2
Neurips,2024,f2b86cbc0b3e31dd001aeb516afbe1e2,Human genomic variation and its effect on cellular fitness,A Kelly;Frazer,2016,Genome Medicine,吴福彬,,,,1,官网搜不到。https://link.springer.com/search?facet-journal-id=13073&query=Human+genomic&content-type=Article&dateFrom=&dateTo=&sortBy=relevance
Neurips,2021,5291822d0636dc429e80e953c58b6a76,Hybrid modeling and simulation of biological systems,R Alur;C Belta;F Ivancic;V Kumar;M Mintz;G Pappas;H Rubin;J Schug;G Pappas,2001,Hybrid Systems: Computation and Control,李佳璐,,,,1,只检索到一篇相似标题，Hybrid modelling of biological systems: current progress and future prospects https://academic.oup.com/bib/article/23/3/bbac081/6555400?login=false
Neurips,2025,BND9CutZf6,Hyperbolic and spherical embeddings for long-tail entities,Ming Zhong;Han Liu;Weizhu Zhang;Houyu Wang;Xiang Li;Maosong Sun;Xu Han,2021,ACL,张峰,,,,1,官网未搜到原文
Neurips,2025,BpSGN4pErp,Impacts of mesoscale eddies on ocean nutrient distributions: a review of mechanisms and the role of high-resolution modeling,Matthew Paul A Sandery;Peter Chamberlain;Andrew Oke;Kiss,2020,Ocean Modelling,罗瑞,,,,1,幻觉论文
Neurips,2024,c3738949a80306cc48a8ea8ba0560f9d,Improved meteorological ensemble forecast for tropical cyclone tracks in the philippines,Thomas Benschop;Bernardino Cabrera;Cristine Marzan,2019,Weather and Forecasting,吴福彬,,,,1,论文列表找不到。https://journals.ametsoc.org/view/journals/wefo/34/5/wefo.34.issue-5.xml
Neurips,2023,82d3258eb58ceac31744a88005b7ddef,"Improving accuracy by voting classification algorithms: Boosting, bagging, and variants",R Kohavi,1998,Workshop on Computation-Intensive Machine Learning Techniques,李佳璐,,,,1,未检索到也无相关引用
Neurips,2025,QzOBE4mi2N,Improving category discovery when no representation rules them all,Sagar Vaze;Andrea Vedaldi;Andrew Zisserman,2023,NeurIPS,刘欣然,No Representation Rules Them All in Category Discovery,Sagar Vaze;Andrea Vedaldi;Andrew Zisserman,2023,0,参考文献题目错误，原文链接https://arxiv.org/abs/2311.17055
Neurips,2023,e6789e468c65a7816760a00a487d3c4e,Improving category discovery when no representation rules them all,Sagar Vaze;Andrea Vedaldi;Andrew Zisserman,2023,Advances in Neural Information Processing Systems,吴福彬,,,,0,标题对不上。https://proceedings.neurips.cc/paper/2023
Neurips,2024,ad30b5f8274286c4ee12de843f03a07f,Influence of compressor degradation on optimal load-sharing,Marta Zagorowska;Nina Thornhill,2020,Computers and Chemical Engineering,吴福彬,,,,0,标题不对。https://www.sciencedirect.com/journal/computers-and-chemical-engineering/vol/143/suppl/C
Neurips,2024,7d60f19a8e5766910fd1798dc953869a,Integrating structural and functional connectivity using graph convolutional networks,Michael Jones;Sarah Brown,2020,Frontiers in Neuroscience,吴福彬,,,,1,"参考文献内容很怪，12345。Michael Jones and Sarah Brown. Integrating structural and functional connectivity using graph 
convolutional networks. Frontiers in Neuroscience, 12:345–356, 2020."
Neurips,2025,oIpRvQkrH9,Invert your prompt: Editing-aware diffusion inversion,Y Xu;W Shao;Y Du;Y Zhou;J Xie;P Luo;S He,2025,International Journal of Computer Vision,刘欣然,,,,1,查无此文
Neurips,2021,4ae67a7dd7e491f8fb6f9ea0cf25dfdb,Just interpolate: Kernel "ridgeles" regression can generalize,T Liang;A Rakhlin,2019,Annals of Statistics,罗瑞,,,,0,论文标题拼写错误，ridgeles应为ridgeless
Neurips,2022,421fa4f5e0bef2f044f1f4616fd17343,Keeping neural networks simple by minimising the description length of weights,G Hinton;Drew Van Camp,1993,Proceedings of COLT-93,罗瑞,,,,0,论文标题拼写错误 of the weights 参照https://dl.acm.org/doi/10.1145/168304.168306
Neurips,2021,a2915ad0d57ca8c644f99f9c3f20a918,Keeping neural networks simple by minimising the description length of weights,G Hinton;Drew Van Camp,1993,Proceedings of COLT-93,罗瑞,,,,0,论文标题拼写错误 of the weights 参照https://dl.acm.org/doi/10.1145/168304.168306
Neurips,2023,46d26daeb05fbbcfe5f3d8f7ca756e16,KeyIn: Keyframing for Visual Planning,Karl Pertsch;Oleh Rybkin;Jingyun Yang;Shenghao Zhou;Kosta Derpanis;Joseph Lim;Kostas Daniilidis;Andrew Jaegle,2020,Conference on Learning for Dynamics and Control,吴福彬,,,,1,标题对不上
Neurips,2025,upU88pUpzX,Kernel methods for remote homology detection,- Shawe;N Taylor;Cristianini,2004,KDD,张峰,,,,1,未搜到原文
Neurips,2022,4b7439a4ab0b8e4bcb4e2412c6a10a58,Large-scale multi-disciplinary mass optimization in the auto industry,D Jones,2008,MOPTA 2008 Conference,吴福彬,,,,1,论文列表页面访问不了。https://coral.ise.lehigh.edu/mopta2026/past-moptas/
Neurips,2021,a0d3973ad100ad83a64c304bb58677dd,Large-scale multi-disciplinary mass optimization in the auto industry,D Jones,2008,MOPTA 2008 Conference,吴福彬,,,,1,论文列表页面访问不了。https://coral.ise.lehigh.edu/mopta2026/past-moptas/
Neurips,2025,sJd4DpYOis,Larger LLMs Llama-3-70B-instruct,Jiang,2023,Methods of Ensembling Base LLMs GF,张峰,,,,1,未找到原文献
Neurips,2024,4ae74049d83240399df9772017bfa046,Logtrans: A log sparse transformer network for sequential recommendation,Jianxin Ma;Peng Kang;Xiaojie Wang;Mengshuo Wang;Weinan Zhang;Yong Yu,2020,Proceedings of the 43rd International ACM SIGIR Conference on Research and Development in Information Retrieval,吴福彬,,,,1,论文列表找不到。页码对不上。https://dblp.org/db/conf/sigir/sigir2020.html
Neurips,2025,qmbG6u7DK0,Learning private aggregation for federated learning via attentive message passing,Y Ji;X Chen;Y Wang;T Yang;M Xu;D Jin;Y Wang,,Proceedings of the 39th International Conference on Machine Learning (ICML),胡雨欣,,,,1,无法找到文章
Neurips,2025,ROfYsQ2KNV,Learning the graphical structure of scene graphs,D Xu;Y Zhu;C Choy;L Fei-Fei,2021,IEEE/CVF Conference on Computer Vision and Pattern Recognition,刘欣然,,,,1,查无此文
Neurips,2025,emM7U3WKMO,Learning with curriculum-based sample mining for deep metric learning,Joshua Robinson;Ching-Yao Chuang;Ganesh Santhanam;Stefanie Jegelka;Suvrit Sra,2020,European Conference on Computer Vision (ECCV),吴福彬,,,,1,找不到
Neurips,2025,AmZ7uHDJiR,Lightglue: Feature matching under adverse conditions,X Sun;O K?hler;K Sattler,2023,Proceedings of the IEEE/CVF Conference on Computer Vision and Pattern Recognition (CVPR),胡雨欣,,,,1,无法找到此文章
Neurips,2025,6Mah2bx7ZI,LLM training data synthesis for more effective problem solving using satisfiability modulo theories,Timofey Fedoseev;Dimitar Iliev Dimitrov;Timon Gehr;Martin Vechev,2024,The 4th Workshop on Mathematical Reasoning and AI at NeurIPS'24,罗瑞,Constraint-Based Synthetic Data Generation for LLM Mathematical Reasoning,Timofey Fedoseev;Dimitar Iliev Dimitrov;Timon Gehr;Martin Vechev,2024,0,https://openreview.net/forum?id=hR4Hskr4GX&noteId=jfejvitiPK
Neurips,2025,KaYMGsnZ4R,LLM training data synthesis for more effective problem solving using satisfiability modulo theories,Timofey Fedoseev;Dimitar Iliev Dimitrov;Timon Gehr;Martin Vechev,2024,The 4th Workshop on Mathematical Reasoning and AI at NeurIPS'24,张峰,,,,1,未搜到原文
Neurips,2024,d6520fa7f71dc8e09ed5939a60a64218,Local adaptation for alignment in federated learning,Matias Mendieta;Shiori Sagawa;Akito Makino,2022,Conference on Neural Information Processing Systems,吴福彬,,,,1,论文列表找不到。https://neurips.cc/virtual/2022/papers.html?search=Local+adaptation
Neurips,2025,JzWtqd9CGJ,Magnetic mirror descent self-play preference optimization,Mingzhi Wang;Chengdong Ma;Qizhi Chen;Linjian Meng;Yang Han;Jiancong Xiao;Zhaowei Zhang;Jing Huo;Weijie Su;Yaodong Yang,2025,Proceedings of the 13th International Conference on Learning Representations,吴福彬,,,,1,论文标题对不上。https://openreview.net/forum?id=PDnEDS244P
Neurips,2025,yFerzf9v1b,Low-latency visual slam with event cameras for ar/vr headsets,J Hidalgo-Carrió;T Sch?ps;D Gehrig;H Rebecq;D Scaramuzza,2021,IEEE International Symposium on Mixed and Augmented Reality (ISMAR),吴福彬,,,,1,论文列表找不到。页码对不上。https://dblp.org/db/conf/ismar/ismar2021.html
Neurips,2025,t7NLyOtPEi,Low-quality and missing data handling in power grids using neural networks,Jian Li;Ming Zhao;Kai Zhang,2024,IEEE Transactions on Smart Grid,吴福彬,,,,1,论文列表找不到。https://dblp.org/db/journals/tsg/tsg15.html
Neurips,2023,e6057bf047bcc5f86ebf4e8db6e24a1f,Lpboost: A boosting algorithm with linear programming,Ayhan Demiriz;Kristin Bennett;John Shawe-Taylor,2002,International Conference on Machine Learning,吴福彬,,,,1,标题对不上。https://link.springer.com/article/10.1023/A:1012470815092
Neurips,2025,emM7U3WKMO,Maintaining discriminative features in batch normalization for deep face recognition,Lei Zhao;Shengcai Xie;Yu Gao;Jinhui Tang,2020,European Conference on Computer Vision (ECCV),吴福彬,,,,1,找不到
Neurips,2025,4JLZsmWBJf,Matching real-world material appearance,Punchana Khungurn;Edward Adelson;Julie Dorsey;Holly Rushmeier,2015,TPAMI,罗瑞,,,,1,幻觉
Neurips,2025,Iicv9iTPcU,Medfuse: Multi-modal fusion with clinical timeseries data and chest x-ray images,Nasir Hayat;J Krzysztof;Farah Geras;Shamout,2022,Machine Learning for Healthcare Conference,吴福彬,,,,1,会议对不上。https://arxiv.org/abs/2207.07027
Neurips,2025,6ZkcC9NmGU,Measure of Asymptotic Efficiency for Statistical Tests,H Chernoff,1952,Annals of Mathematical Statistics,罗瑞,A Measure of Asymptotic Efficiency for Tests of a Hypothesis Based on the sum of Observations,Herman Chernoff,1952,1,https://projecteuclid.org/journals/annals-of-mathematical-statistics/volume-23/issue-4/A-Measure-of-Asymptotic-Efficiency-for-Tests-of-a-Hypothesis/10.1214/aoms/1177729330.full
Neurips,2022,1585da86b5a3c4fb15520a2b3682051f,MetaDL challenge design and baseline results,A Baz;I Guyon;Z Liu;J Van Rijn;S Treguer;J Vanschoren,2021,Proceedings of Machine Learning Research,罗瑞,Advances in MetaDL: AAAI 2021 Challenge and Workshop,A Baz;I Guyon;Z Liu;J Van Rijn;S Treguer;J Vanschoren,2021,1,https://proceedings.mlr.press/v140/el-baz21a.html
Neurips,2025,Zfk5IoAtP0,Miccai multi-atlas labeling beyond the cranial vault-workshop and challenge,Zhoubing Bennett Landman;J Xu;Martin Igelsias;T Styner;Arno Langerak;Klein,2015,Proc. MICCAI Multi-Atlas Labeling Beyond Cranial Vault-Workshop Challenge,张峰,,,,1,未搜到原文献
Neurips,2025,uih8cWS3JF,Modeling heavy-tailed conversion values in real-time bidding,Yong-Kyu Choi;Erko Van Der Laan;Omar Ghattas,2020,ACM International Conference on Web Search and Data Mining (WSDM),吴福彬,,,,1,论文列表找不到。页码对不上。https://dblp.org/db/conf/wsdm/wsdm2020.html
Neurips,2025,II0T40Q785,Modeling and control of freeway traffic flow by state space neural networks,Bart De;Schutter;Serge Hoogendoorn,2008,Neural Computing and Applications,吴福彬,,,,1,论文列表找不到。页码对不上。https://dblp.org/db/journals/nca/nca17.html
Neurips,2025,REIo9ZLSYo,Modeling memory effects in neural language models,J Alexander;Roger Oh;Richard Levy;Futrell,2022,NAACL,罗瑞,,,,1,假
Neurips,2024,26289c647c6828e862e271ca3c490486,Modern efficient numerical approaches to regularized regression problems in application to traffic demands matrix calculation from link loads,Anikin;Dvurechensky;Gasnikov;Golov;Yu Gornov;M Maximov;Mendel;Spokoiny,2015,Proceedings of International conference ITAS-2015,吴福彬,,,,1,找不到
Neurips,2022,4a22ceafe2dd6e0d32df1f7c0a69ab68,MODERATO: an object-oriented decision model to help on irrigation scheduling for corn crop,Ph Je Bergez;Debaeke;B Deumier;D Lacroix;P Leenhardt;Leroy;Wallach,2001,Ecological modelling,罗瑞,MODERATO: an object-oriented decision model to help on irrigation scheduling for corn crop,"Bergez, J. E., Debaeke, P., Deumier, J. M., Lacroix, B., Leenhardt, D., Leroy, P., & Wallach, D.",,1,作者提取有问题https://www.researchgate.net/publication/235997529_MODERATO_an_object-oriented_decision_model_to_help_on_irrigation_scheduling_for_corn_crop
Neurips,2025,RSSk1SHxrH,Monotone set functions and their generalizations,Hamzeh Agahi;Yong Ouyang,2020,Generalizes monotonicity to fuzzy sets and hybrid integrals,张峰,,,,1,未搜到原文献
Neurips,2024,93f250215e4889119807b6fac3a57aec,Msra-sr: Image super-resolution transformer with multi-scale shared representation acquisition,Xiaoqiang Zhou;Huaibo Huang;Ran He;Zilei Wang;Jie Hu;Tieniu Tan,2023,Proceedings of the IEEE/CVF International Conference on Computer Vision,吴福彬,,,,1,论文列表找不到。https://openaccess.thecvf.com/ICCV2023 https://openaccess.thecvf.com/content/ICCV2023/html/Zhou_MSRA-SR_Image_Super-resolution_Transformer_with_Multi-scale_Shared_Representation_Acquisition_ICCV_2023_paper.html
Neurips,2025,VN5bMTfSZS,MuLAN: Learning to Denoise with Adaptive Noise Schedules,Firstname Author;Secondname Author,,Proceedings of the IEEE Conference on Computer Vision and Pattern Recognition (CVPR) (2024),张峰,,,,1,搜不到文献论文
Neurips,2025,f4GBN307sm,Multi-agent reinforcement learning using shared potential-based advice,Tim Brys;J?rg Denzinger;Ann Nowé,2014,International Conference on Autonomous Agents and Multiagent Systems (AAMAS),吴福彬,,,,1,论文列表找不到。页码对不上。https://dblp.org/db/conf/atal/aamas2014.html
Neurips,2025,S82Afyfbj3,Multi-task learning meets long-tailed recognition: A unified framework,Debasmit Das Mahapatra;P Srijith;Balaraman Ravindran,2022,Winter Conference on Applications of Computer Vision (WACV),刘欣然,,,,1,查无此文
Neurips,2025,ei20AX8EkP,Neural causal representation learning for high-dimensional time series,Yuxin Xia;Peihao Yang;Zhen Xu;Yanbo Li;Yong Xue,2024,International Conference on Learning Representations,吴福彬,,,,1,论文列表找不到。https://dblp.org/db/conf/iclr/iclr2024.html
Neurips,2022,1ed4723f12853cbd02aecb8160f5e0c9,Multidimensional density smoothing with p-splines,H Paul;Brian Eilers;Marx,2006,Proceedings of the 21st international workshop on statistical modelling,吴福彬,,,,1,作者对不上。https://www.statmod.org/workshops_archive_proceedings_2006.htm
Neurips,2024,7d60f19a8e5766910fd1798dc953869a,Multimodal fusion of structural and functional connectivity for brain network analysis,John Smith;Emily Johnson,2021,Neuroinformatics,吴福彬,,,,1,论文列表找不到。页码对不上。Volume对不上。https://link.springer.com/journal/12021/articles?filter-by-volume=19&sortBy=newestFirst
Neurips,2024,7d60f19a8e5766910fd1798dc953869a,Multimodal fusion techniques for joint analysis of structural and functional brain connectivity,Li Wang;Wei Zhang,2019,IEEE Transactions on Medical Imaging,吴福彬,,,,1,论文列表找不到。https://dblp.org/db/journals/tmi/tmi38.html
Neurips,2025,uBaFH7aQnC,Needle in a haystack -pressure testing llms,G Kamradt,2023,GitHub repository,张峰,,,,1,未搜到原文
Neurips,2023,3d7259031023c5aa463187c4a31c95c8,Neural scene rasterization for large scene rendering in real time,Yun Jeffrey Yunfan Liu;Ze Chen;Jingkang Yang;Sivabalan Wang;Raquel Manivasagam;Urtasun,,The IEEE International Conference on Computer Vision (ICCV),吴福彬,,,,1,标题对不上。https://openaccess.thecvf.com/content/ICCV2023/papers/Liu_Real-Time_Neural_Rasterization_for_Large_Scenes_ICCV_2023_paper.pdf
Neurips,2025,AmZ7uHDJiR,Neuralrgb-d: Neural representations for depth estimation and scene mapping,Z Zhu;T Yu;X Zhang;J Li;Y Zhang;Y Fu,2022,Proceedings of the IEEE Conference on Computer Vision and Pattern Recognition,胡雨欣,,,,1,官网等无法找到此文章
Neurips,2023,4732d425125832887f6c5a9675d49ead,Nh-rep: Neural halfspace representations for implicit conversion of b-rep solids,Hao-Xiang;Liu Guo;Hao Yang;Baining Pan;Guo,,ACM Transactions on Graphics,吴福彬,,,,1,标题对不上。https://dl.acm.org/profile/99661658276
Neurips,2024,86655bc516148e311bcfcf88f1744de7,Nonlinear spacecraft formation flying using constrained differential dynamic programming,Tomohiro Sasaki;Koki Ho;Glenn Lightsey,2022,Proceedings of AAS/AIAA Astrodynamics Specialist Conference,吴福彬,,,,1,找不到。https://www.space-flight.org/docs/2022_summer/2022_summer.html和https://www.space-flight.org/docs/2022_winter/2022_winter.html
Neurips,2020,b6f8dc086b2d60c5856e4ff517060392,Non-crossing multiple-index quantile regression,Chen Dong;Shujie Ma;Liping Zhu;Xingdong Feng,2020,SCIENTIA SINICA Mathematica,张政泽/许祖耀,Non-crossing multiple-index quantile regression.,"Chen Dong, Shujie Ma, Liping Zhu, and Xingdong Feng.",2020,1,期刊存在，根据期刊检索对应卷和对应页号，却不存在此篇论文，且无法搜到相关信息
Neurips,2022,ce208d95d020b023cba9e64031db2584,Nonrecursive digital filter design using the i_0-sinh window function,F James;Kaiser,1974,"Proc. 1974 IEEE International Symposium on Circuits & Systems, San Francisco DA",吴福彬,,,,1,
Neurips,2020,3a30be93eb45566a90f4e95ee72a089a,Note sur la convergence de directions conjugées,G Ribière;E Polak,1969,Rev. Francaise Informat Recherche Opertionelle,李想,Note Surla Convergence des Méthodes de Directions Conjuguées,"Polak, E.; Ribiere, G.",1969,1,"一直被引用错误，题目中缺少单词
https://www.numdam.org/item/M2AN_1969__3_1_35_0/"
Neurips,2024,84409c45a0defe347c895b004b1c675b,O logice trójwarto?ciowej (On three-valued logic),Jan ?ukasiewicz,1920,Studies in Logic,吴福彬,,,,1,年代久远
Neurips,2020,f5b1b89d98b7286673128a5fb112cb9a,On curve fitting and optimal design for regression,A O'hagan,1978,J. Royal Stat. Soc. B,张政泽,Curve Fitting and Optimal Design for Prediction,A O’Hagan.,1978,1,文章名错误，https://academic.oup.com/jrsssb/article/40/1/1/7027526
Neurips,2023,ee56aa4fe26a189782f507d843fd5272,On functions with uniformly distributed fractional parts,N Korobov,1948,Dokl. Akad. Nauk SSSR,张政泽,On functions with uniformly distributed fractional parts.,"Korobov, N.",1948,1,未找到该论文
Neurips,2024,286d67ff96f99c614f75dbcfb72a3e5f,On posterior probabilities concerning a fuzzy information,H Tanaka;G Sommer,1977,Inst. für Wirtschaftswissenschaften,张政泽,On posterior probabilities concerning a fuzzy information.,H. Tanaka and G. Sommer.,1977,1,未找到该论文
Neurips,2020,5a378f8490c8d6af8647a753812f6e31,"On semiamarts, amarts, and processes with finite value",Ulrich Krengel;Louis Sucheston,1978,Advances in Prob,张政泽,Semiamarts and finite values,Ulrich Krengel and Louis Sucheston.,1977,1,文章名错误，期刊错误，https://www.scilit.com/publications/495bda8904ec52e5e5e38f30ac0e373a
Neurips,2024,2847d43f17410c5beb25b2736c3ae778,On statistical estimation of entropy of a random vector. problems inform,L Kozachenko;N Leonenko,1987,Transmission,张政泽,Sample estimate of the entropy of a random vector,"Kozachenko, L., Leonenko, N.",1987,1,文章名错误，https://xueshu.baidu.com/ndscholar/browse/detail?paperid=caadb243911efda9623ef66059604970
Neurips,2022,ee81a23d6b83ac15fbeb5b7a30934e0b,On the analytical representability of so-called arbitrary functions of a real variable,K Weierstrass,1885,Meeting reports of the Royal Prussian Academy of Sciences in Berlin,张政泽,On the analytical representability of so-called arbitrary functions of a real variable,K. Weierstrass.,1885,1,未找到该论文
Neurips,2023,a2fe4bb50fc6f3564cee1551d6309fea,On the characteristic values and characteristic functions of certain classes of non-selfadjoint equations,M Keldysh,1951,Dokl. Akad. Nauk SSSR,张政泽,On the characteristic values and characteristic functions of certain classes of non-self-adjoint equations.,M. V. Keldysh.,1951,1,未找到该论文
Neurips,2025,b7Ka31HvXU,On the effectivity of weather warnings,A Angstrom,1922,Nordisk Statistisk Tidskrift,张政泽,On the effectivity of weather warnings.,A. Angstrom.,1922,1,未找到该论文
Neurips,2023,76c6f9f2475b275b92d03a83ea270af4,On the existence of solutions of stochastic equations in hilbert space,Vv Baklan,1963,Depov. Akad. Nauk. Ukr. USr,张政泽,On the existence of solutions of stochastic equations in hilbert space.,VV Baklan.,1963,1,未找到该论文
Neurips,2020,ebd64e2bf193fc8c658af2b91952ce8d,On the factorization of the complete uniform hypergraph,Zsolt Baranyai,1975,"Infinite and Finite Sets, Proc. Coll. Keszthely",李想,,,1974,1,"日本文献，应该存在，但是年份是1974应该
https://cir.nii.ac.jp/crid/1571417125147391744
最早被1979这一篇所引用https://ir.cwi.nl/pub/10105/10105D.pdf，引用的时候可能又在1975年的一个会议/期刊讲过，被后续普遍引用为1975"
Neurips,2025,QBnfYm6Naa,On the hardness of computing near-approximate stationary points of clarke regular nonsmooth nonconvex problems and certain DC programs,L Tian;A;-C So,2021,ICML Workshop on Beyond First-Order Methods in ML Systems,刘欣然,,,,1,查无此文
Neurips,2024,3e2c12c1a41af7c19c5b38e0837a52d1,On the hardness of computing near-approximate stationary points of clarke regular nonsmooth nonconvex problems and certain dc programs,Lai Tian;Anthony;Man-Cho So,2021,ICML Workshop on Beyond First-Order Methods in ML Systems,吴福彬,,,,1,论文列表找不到。openreview 和 https://icml.cc/virtual/2021/papers.html
Neurips,2020,5d44ee6f2c3f71b73125876103c8f6c4,On the number of samples required for Q-learning,V Borkar,2000,Proceedings of the 38th Allerton Conference,吴福彬,,,,1,找不到
Neurips,2024,5fff164c04811174e1836dc3e66c0aba,On the realization of partial boolean functions,A Chashkin,2006,Proceedings of the 7th International Conference on Discrete Models in the Theory of Control Systems,吴福彬,,,,1,
Neurips,2021,6332a8f62e3a9d5831724f2ffe55cae0,On the stability of systems with a delay (russian),B Razumikhin,1956,Prikladnaya Matematika i Mekhanika,张政泽,On the stability of systems with a delay (russian).,B. Razumikhin.,1956,1,未找到该论文
Neurips,2023,6d5f304fb4ed0243851e41699dca4287,On the systematic fitting of frequency curves,Karl Pearson,1902,Biometrika,张政泽,On the Systematic Fitting of Curves to Observations and Measurements,Karl Pearson.,1902,1,文章名错误，https://www.jstor.org/stable/2331540
Neurips,2021,0ed8861dc36bee580d100f91283d0559,On the systematic fitting of frequency curves,K Pearson,1902,Biometrika,张政泽,On the Systematic Fitting of Curves to Observations and Measurments,"Pearson, K.",1902,1,文章名错误，https://www.jstor.org/stable/2331498?seq=1
Neurips,2020,751f6b6b02bf39c41025f3bcfd9948ad,On the systematic fitting of frequency curves,Karl Pearson,1902,Biometrika,李想,On the Systematic Fitting of Curves to Observations and Measurements,Karl Pearson,1902,0,"题目不对，不完整
https://www.jstor.org/stable/2331540"
Neurips,2022,8f75af4704feac629a560f4ad6b67cef,On the use of c (α) tests of composite hypotheses,J Neyman;E Scott,1966,Bulletin de L'lnstitut International de Statistique,张政泽,On the use of c (α) tests of composite hypotheses.,J Neyman and E Scott.,1966,1,未找到该论文
Neurips,2022,e90b00adc3ba130eb2510d93ba3ff250,On topological properties of f-divergences,I Csiszár,1967,Studia Math. Hungar,张政泽,On topological properties of f-divergences.,I. Csiszár.,1967,1,未找到该论文
Neurips,2023,c428adf74782c2092d254329b6b02482,Once more about the connection between elliptic operators and It?'s stochastic equations,N Krylov,1984,Statistics and Control of Stochastic Processes,张政泽,Once more about the connection between elliptic operators and It?’s stochasticequations.,"Krylov, N.",1984,1,未找到该论文
Neurips,2021,6c349155b122aa8ad5c877007e05f24f,Online active learning with strong and weak annotators,Luigi Malago;Nicolo Cesa-Bianchi;Renders,2014,NIPS Workshop on Learning from the Wisdom of Crowds,张政泽,Online active learning with strong and weak annotators.,"Luigi Malago, Nicolo Cesa-Bianchi, and J Renders.",2014,1,未找到该文章
Neurips,2023,90e06fe49254204248cb12562528b952,Opportunistic experiments on a large-scale survey of diverse artificial vision models in prediction of 7t human fMRI data,Colin Conwell;Jacob Prince;George Alvarez;Talia Konkle;Kendrick Kay,2022,Conference on Cognitive Computational Neuroscience,吴福彬,,,,1,论文列表找不到。https://impact2011.inrialpes.fr/index.html
Neurips,2025,Y1UVWWWGKB,Online submodular maximization with delayed feedback,Milica Radakovic;Slobodan Mitrovic,2022,Conference on Learning Theory (COLT),胡雨欣,,,,1,无法找到论文
Neurips,2022,b595fb83245adb57ce1a0bdc2e12681d,Planning sequential tasks on contact graph,Z Jiao;Y Niu;Z Zhang;S.-C Zhu;Y Zhu;H Liu,2022,International Conference on Intelligent Robots and Systems (IROS),吴福彬,,,,0,标题对不上。https://ieeexplore.ieee.org/document/9981735
Neurips,2022,494f876fad056843f310ad647274dd99,Over exposed points of closed point sets,S Straszewicz,1935,Fundamenta Mathematicae,张政泽,Over exposed points of closed point sets,"S. Straszewicz,",1935,1,未找到该论文
Neurips,2025,hesM5BWtOJ,Parallel advantage actor-critic for rapid end-to-end robotics training,Yunan Li;Viktor Makoviychuk;Yash Narang;Fabio Ramos;Marco Hutter;Arthur Allshire;David Hoeller,2023,IEEE Robotics and Automation Letters,张峰,,,,1,未搜到原文
Neurips,2025,IiEtQPGVyV,Paraphrase identification using deep contextualized representations,Asma Issa;George Mohler;John Johnson,2018,Proceedings of the 2018 Conference on Empirical Methods in Natural Language Processing,胡雨欣,,,,1,官网等未能找到这篇文章
Neurips,2025,yRxXTdElLv,Patterns of SQL mistakes among novice programmers: An exploratory study,Floris Miedema;Janet Spacco;Raymond Lister,,Proc. 26th ACM Conf. on Innovation and Technology in Computer Science Education (ITiCSE),吴福彬,,,,1,原文给的doi找不到文献。https://doi.org/10.1145/3456565.3456622
Neurips,2025,oLyfML1Qze,Performers: A new approach to scaling transformers,Krzysztof Choromanski;Marcin Kuczynski;Jacek Cieszkowski;Paul Beletsky;Konrad Smith;Wojciech Gajewski;Gabriel De Masson;Tomasz Broniatowski;Antonina Gorny;M Leszek;Stanislaw Kaczmarek;Andrzejewski,2020,Proceedings of the 37th International Conference on Machine Learning (ICML),吴福彬,,,,1,论文列表找不到。页码对不上。https://proceedings.mlr.press/v119/
Neurips,2025,A9jXG3FUMT,Phase-amplitude coupling features for seizure detection,M Amiri;B Frauscher;J Gotman,2016,Clinical Neurophysiology,张政泽,Phase–Amplitude Coupling (PAC) during sleep in patients with focal epilepsy,"M. Amiri, B. Frauscher, and J. Gotman.",2016,0,文章名错误，https://www.sciencedirect.com/science/article/abs/pii/S1388245716303182
Neurips,2025,AmZ7uHDJiR,Photometric stereo with near-field lighting using neural networks,C Lichy;Other Authors,2022,Proceedings of the IEEE Conference on Computer Vision and Pattern Recognition,胡雨欣,,,,1,无法找到此文章
Neurips,2025,BpSGN4pErp,Poisson equation for multiscale diffusions,étienne Pardoux;Alexander Veretennikov,2002,Journal of Mathematical Sciences,张政泽,Poisson equation for multiscale diffusions.,étienne Pardoux and Alexander Yu Veretennikov.,2002,1,未找到该文章
Neurips,2021,76444b3132fda0e2aca778051d776f1c,Population-level signatures of probabilistic computation,Edoardo Balzani;Cristina Savin,2019,COSYNE 2019,张政泽,Population-level signatures of probabilistic computation.,Edoardo Balzani and Cristina Savin.,2019,1,未找到该文章
Neurips,2020,4379cf00e1a95a97a33dac10ce454ca4,Probing the neural basis of visually-evoked aggression in siamese fighting fish,Amy Norovich;*;Claire Everett;*;Taiga Abe;Andrés Bendesky,2019,Cold Spring Harbor Zebrafish Neural Circuits and Behavior,吴福彬,,,,1,
Neurips,2021,832353270aacb6e3322f493a66aaf5b9,Progress in computational geometry,Steven Fortune,1993,Directions in Geometric Computing,张政泽,Progress in computational geometry.,Steven Fortune.,1993,1,未找到该论文
Neurips,2025,s4zitEu2R8,Propagation of traveling waves in the visual cortex requires microcircuit coordination,Edward David B Salkoff;David Zagha;Mccormick,2020,Neuron,张政泽,Propagation of traveling waves inthe visual cortex requires microcircuit coordination.,"David B Salkoff, Edward Zagha, and David A McCormick.",2020,1,Neuron未找到该文章：https://www.sciencedirect.com/journal/neuron/vol/105/issue/4
Neurips,2025,IJGEtuVqwf,Q-learning for option pricing and hedging with transaction costs,Z Ning;Y K Kwok,2020,Applied Economics,张政泽,Q-learning for option pricing and hedging with transaction costs.,Z Ning and Y K Kwok.,2020,1,Applied Economics未找到该文章：https://www.tandfonline.com/toc/raec20/52/55?nav=tocList
Neurips,2021,362c99307cdc3f2d8b410652386a9dd1,QSGD: Randomized quantization for communication-efficient stochastic gradient descent,Dan Alistarh;Demjan Grubic;Jerry Li;Ryota Tomioka;Milan Vojnovic,2017,Proceedings of NIPS 2017,张政泽,QSGD: Communication-Efficient SGD via Gradient Quantization and Encoding,"Dan Alistarh, Demjan Grubic, Jerry Li, Ryota Tomioka, and Milan Vojnovic.",2017,0,文章名错误，https://proceedings.neurips.cc/paper/2017/hash/6c340f25839e6acdc73414517203f5f0-Abstract.html
Neurips,2024,eb6281d3f2cfe2eb8b1307227d3677b3,Results on the non existence of finite dimensional filters,Mireille Chaleyat;Maurel;Dominique Michel,1984,Stochastics: An International Journal of Probability and Stochastic Processes,张政泽,Results on the non existence of finite dimensional filters.,Mireille Chaleyat Maurel and Dominique Michel.,1984,1,未找到该论文
Neurips,2024,1812042b83f20707a898ff6f8af7db84,Quest: Query stream for vehicle-infrastructure cooperative perception,Haibao Siqi Fan;Wenxian Yu;Jirui Yang;Zaiqing Yuan;Nie,,Proceedings of the International Conference on Robotics and Automation (ICRA),吴福彬,,,,0,标题对不上。https://ieeexplore.ieee.org/document/10610214
Neurips,2024,49fb58cfd482a33619d48a5c5910cf3c,Radiation-induced brain tissue damage after radiotherapy for glioma: a problem of growing concern,Stefan Rieken;Daniel Habermehl;Frederik Giesel,2013,Radiotherapy and Oncology,吴福彬,,,,1,论文列表找不到。页码对不上。https://www.sciencedirect.com/journal/radiotherapy-and-oncology/vol/109/issue/3
Neurips,2022,6d53193a098b982229340a7c3eb0ecbf,Rage-Case Optimality of Polyak Momentum,Damien Scieur;Fabian Pedregosa,2020,Proceedings of the 37th International Conference on Machine Learning (ICML),吴福彬,,,,0,标题对不上。https://icml.cc/virtual/2020/poster/5816
Neurips,2024,8f9a3fdb29de4c3fd030a18a505223c6,Randomized smoothing-inspired quantum encoding schemes with formal robustness guarantees,Aman Saxena;Tom Wollschl?ger;Nicola Franco;Jeanette Lorenz;Stephan Günnemann,2023,Quantum Techniques in Machine Learning,吴福彬,,,,1,找不到。https://indico.cern.ch/event/1288979/search?q=Aman+Saxena
Neurips,2023,00db17c36b5435195760520efa96d99c,Randomized smoothing-inspired quantum encoding schemes with formal robustness guarantees,Aman Saxena;Tom Wollschl?ger;Nicola Franco;Jeanette Lorenz;Stephan Günnemann,2023,Quantum Techniques in Machine Learning,张政泽,Randomized smoothing-inspired quantum encoding schemes with formal robustness guarantees,Aman Saxena;Tom Wollschl?ger;Nicola Franco;Jeanette Lorenz;Stephan Günnemann,2023,1,未找到该论文
Neurips,2024,f2b86cbc0b3e31dd001aeb516afbe1e2,Rare variant association tests reveal the role of gene expression in human longevity,Yang Li;Carlo Sidore;Hyun;Min Kang;Michael Boehnke;Goncalo R Abecasis,2016,Science,吴福彬,,,,1,论文列表找不到。https://www.science.org/cms/asset/cbdbecf8-6961-4c9d-8091-1eea94c37dce/science.2016.354.issue-6319.toc.pdf
Neurips,2024,862170d83a17b7c2ef3c5a58e7f1992d,Ratings of classroom management and instructional support,C Doabler;N Nelson-Walker,2009,CTL,张政泽,Ratings of classroom management and instructional support.,C. Doabler and N. Nelson-Walker.,2009,1,未找到该论文
Neurips,2025,f6AoMP75dy,Rational relu: Towards exact function approximation with rational activation functions,Daniele Caldarola;Tommaso Furlanello;Silvio Savarese;Matteo Bruni,,International Conference on Learning Representations (ICLR),胡雨欣,,,,1,官网等无法找到论文
Neurips,2025,IiEtQPGVyV,Reasoning with heterogeneous graph representations for knowledge-aware question answering,Yi Tay;Kelvin Fu;Kai Wu;Ivan Casanueva;Jianfeng Liu;Byron Wallace;Shuohang Wang;Bajrang Singh;Julian Mcauley,2021,Findings of the Association for Computational Linguistics: ACL 2021,胡雨欣,,,,1,官网等未能找到这篇文章
Neurips,2025,kWGJa9ZO3M,Recent advances in video understanding,Bolei Zhou;Yu Guo;Meng Zhang;Xiongwei Wang;Siyuan Pu;Yuan Wu;Yan Zhang;Yan Wang;Li Li,2023,IEEE Transactions on Pattern Analysis and Machine Intelligence,刘欣然,,,,1,查无此文
Neurips,2020,356dc40642abeb3a437e7e06f178701c,Recording of a large and complete population in the retina,O Marre;D Amodei;N Deshmukh;K Sadeghi;F Soo;T Holy;M Berry,2012,Journal of Neuroscience,张政泽,Mapping a Complete Neural Population in the Retina,"O. Marre, D. Amodei, N. Deshmukh, K. Sadeghi, F. Soo, T. Holy, and M.J. Berry.",2012,0,文章名错误，https://www.jneurosci.org/content/32/43/14859
Neurips,2022,4beaed6a33716fcfe7b5250d10520eb9,Recursive Competitive Equilibria and Capital Asset Pricing,R Mehra;Prescott,1977,Essays in Financial Economics,张政泽,Recursive Competitive Equilibria and Capital Asset Pricing.,R Mehra and EC Prescott.,1977,1,未找到该版本的论文，https://link.springer.com/search?sortBy=newestFirst&dc.creator=Rajnish%20Mehra
Neurips,2025,VYY5sG4EMm,Reduction of a game with complete memory to a matrix game,Romanovskii,1962,Soviet Mathematics,张政泽,Reduction of a game with complete memory to a matrix game.,I. Romanovskii.,1962,1,未找到该论文
Neurips,2024,e3b1291b7529063172d927588d2b03a1,Reduction of a game with complete memory to a matrix game,I Romanovskii,1962,Soviet Mathematics,张政泽,Reduction of a game with complete memory to a matrix game.,I. Romanovskii.,1962,1,未找到该论文
Neurips,2023,8e4ccc9ca6ae2225c4cbb7782ab48daf,Reduction of a game with complete memory to a matrix game,I Romanovskii,1962,Soviet Mathematics,张政泽,Reduction of a game with complete memory to a matrix game.,I. Romanovskii.,1962,1,未找到该论文
Neurips,2022,685d249ad59836727be209032f082bd7,Reduction of a game with complete memory to a matrix game,I Romanovskii,1962,Soviet Mathematics,张政泽,Reduction of a game with complete memory to a matrix game.,I. Romanovskii.,1962,1,未找到该论文
Neurips,2022,ffa1301939cc707d6e986e6c4124340b,Reduction of a game with complete memory to a matrix game,I Romanovskii,1962,Soviet Mathematics,张政泽,Reduction of a game with complete memory to a matrix game.,I. Romanovskii.,1962,1,未找到该论文
Neurips,2021,4a3050ae2c77da4f9c90e2e58e8e520f,Reduction of a game with complete memory to a matrix game,I Romanovskii,1962,Soviet Mathematics,张政泽,Reduction of a Game with Complete Memory to a Matrix Game.,I. Romanovskii.,1962,1,未找到该论文
Neurips,2024,a2118322165fffb648d1e341ff5a5b05,Representing mechanism (in)dependence,O Richardson;S Peters;J Halpern,2024,Proc. Advances in Nueral Information Processing Systems,吴福彬,,,,0,标题对不上。Neurips
Neurips,2024,17fc467c11997914127c001fdc801bea,Research on the popularity of network expression meme and its turning of discourse space,Manning Zheng,2016,Editorial Friend,张政泽,Research on the Popularity of Network Expression Package and Its Turning of Discourse Space,Manning Zheng.,2016,0,文章名错误，https://www.wikidata.org/wiki/Q120089866
Neurips,2023,ad3ebc951f43d1e9ed20187a7b5bc4ee,Respondent burden: health survey research methods,Bradburn,1997,Second Biennial Conference,张政泽,,,,1,未找到该论文
Neurips,2024,82846e19e6d42ebfd4ace4361def29ae,Resultats sur lempilement de calottes egales sur une perisphere de rn et correction a un travail anterieur,Claude Chabauty,1953,COMPTES RENDUS HEBDOMADAIRES DES SEANCES DE L ACADEMIE DES SCIENCES,张政泽,Resultats sur lempilement de calottes egales sur une perisphere de rn et correction aun travail anterieur.,Claude Chabauty.,1953,1,未找到该论文
Neurips,2024,aeae9df8e6bfe7350160bb42965dbd44,Rethinking the security of skip connections in resnet-like neural networks,Dongxian Wu;Yisen Wang;Shu-Tao Xia;James Bailey;Xingjun Ma,2020,In ICLR,吴福彬,,,,0,论文标题对不上。https://dblp.org/db/conf/iclr/iclr2020.html
Neurips,2025,QtnCPZMxYg,Reward-agnostic preference-based policy optimization,W Zhan;Y Chen;D Sadigh,2023,ICML,吴福彬,,,,1,论文列表找不到。https://proceedings.mlr.press/v202/
Neurips,2025,IJGEtuVqwf,Risk-averse reinforcement learning for optimal option hedging,Cao;Y Wang;Zhang,2020,Journal of Computational Finance,张政泽,Risk-averse reinforcement learning for optimal option hedging.,"H Cao, Y Wang, and Y Zhang.",2020,1,未找到该论文
Neurips,2023,32285dd184dbfc33cb2d1f0db53c23c5,Risk-sensitive sequential decision making: Uncertaintybased performance metrics and risk-sensitive control,Anirban Majumdar;Claire Tomlin,2017,Foundations and Trends? in Systems and Control,吴福彬,,,,1,"Anirban Majumdar and Claire J Tomlin. Risk-sensitive sequential decision making: Uncertaintybased performance metrics and risk-sensitive control. Foundations and Trends? in Systems andControl, 4(4):265–365, 2017.https://www.emerald.com/ftsys/article-abstract/4/3-4/224/1332409/Nonlinear-Model-Reduction-by-Moment-Matching?redirectedFrom=fulltext"
Neurips,2021,8ca01ea920679a0fe3728441494041b9,Robust black box explanations under distribution shift,H Lakkaraju;N Arsov;O Bastani,2020,International Conference on Machine Learning (ICML),吴福彬,,,,0,论文标题对不上。https://proceedings.mlr.press/v119/
Neurips,2025,II0T40Q785,Robust prediction of dynamical systems with structured neural networks: Long-term behavior and chaos,Moonseop Han;Elizabeth Qian,2021,Physica D: Nonlinear Phenomena,张政泽,Robust prediction of dynamical systems with structured neural networks: Long-term behavior and chaos.,Moonseop Han and Elizabeth Qian.,2021,1,未找到该论文，https://www.sciencedirect.com/search?pub=Physica+D%3A+Nonlinear+Phenomena&cid=271587&qs=obust+prediction+of+dynamical+systems+with+structured+neural+networks%3A+Long-term+behavior+and+chaos
Neurips,2025,n8AvXKcCeR,Rsfnet: Rich feature attention network for image enhancement,Jiaqi Ouyang;Shijie Li;Shuai Li;Wangmeng Zuo;Shuhang Gu,2023,Proceedings of the IEEE/CVF International Conference on Computer Vision (ICCV),张峰,,,,1,未搜到原文
Neurips,2025,isil4sVqSQ,Saturated and consistent neighborhood for selecting and scheduling photographs of agile earth observing satellite,Djamal Habet;Michel Vasquez,2003,Proceedings of the 5th Metaheuristics International Conference,吴福彬,,,,1,找不到
Neurips,2025,0JSolJVzjd,Scalable correlation clustering: An empirical study,M Jaghargh;S Vassilvitskii;S Lattanzi,2019,Proceedings of the 25th ACM SIGKDD International Conference on Knowledge Discovery & Data Mining,吴福彬,,,,1,论文列表找不到。https://dblp.org/db/conf/kdd/kdd2019.html和https://dblp.org/db/conf/kdd/di2kg2019.html
Neurips,2023,149ad6e32c08b73a3ecc3d11977fcc47,Schloss Dagstuhl-Leibniz-Zentrum fuer Informatik,C Mathieu;O Sankur;W Schudy,2010,27th International Symposium on Theoretical Aspects of Computer Science,吴福彬,,,,0,论文标题对不上。
Neurips,2025,aEAbRPXV37,Scaling inference computation: Compute-optimal inference for problem-solving with language models,Yangzhen Wu;Zhiqing Sun;Shanda Li;Sean Welleck;Yiming Yang,2024,The 4th Workshop on Mathematical Reasoning and AI at NeurIPS'24,张政泽,Inference Scaling Laws: An Empirical Analysis of Compute-Optimal Inference for Problem-Solving with Language Models,"Yangzhen Wu, Zhiqing Sun, Shanda Li, Sean Welleck, and Yiming Yang.",2024,0,文章名错误，https://arxiv.org/abs/2408.00724
Neurips,2025,6ZkcC9NmGU,Score-based generative models for high-dimensional inverse problems,Thomas Dockhorn;Hyungjin Chung;Stefano Ermon;Gunnar R?tsch,2022,Advances in Neural Information Processing Systems,吴福彬,,,,1,论文列表找不到。https://proceedings.neurips.cc/paper/2022
Neurips,2025,X51kYnijag,Seeact: A strong vision-language model for visually grounded action,Yufei Wang,,"Proceedings of the IEEE/CVF Conference on Computer Vision and Pattern Recognition (CVPR), 2024c",吴福彬,,,,1,论文给的参考地址对不上题目。https://arxiv.org/abs/2403.09691
Neurips,2025,IKxKs3rF9V,Self-supervised multiimage super-resolution for push-frame satellite images,Ngoc Long Nguyen;Jérémy Anger;Axel Davy;Pablo Arias;Gabriele Facciolo,2021,Proceedings of the IEEE/CVF Conference on Computer Vision and Pattern Recognition,吴福彬,,,,1,论文列表找不到。https://openaccess.thecvf.com/CVPR2021?day=all
Neurips,2025,IiEtQPGVyV,Semantic similarity based on lexical substitution,Shyam Fernando;Mark Stevenson,2008,Proceedings of ACL-08: HLT,胡雨欣,,,,1,官网等未能找到这篇文章
Neurips,2025,3xwsD68F2K,Simplessd: Modeling high-fidelity modern ssds for holistic system simulation,Joo Kim;Donghyuk Lee;Sam Choi;Myoungsoo Jung,2016,IEEE Computer Architecture Letters,张政泽,SimpleSSD: Modeling Solid State Drives for Holistic System Simulation,"Myoungsoo Jung, Jie Zhang, Ahmed Abulila, Miryeong Kwon, Narges Shahidi, John Shalf, Nam Sung Kim, Mahmut Kandemir",2017,0,文献名错误，作者错误，https://arxiv.org/abs/1705.06419
Neurips,2023,2b2011a7d5396faf5899863d896a3c24,Single layer artificial neural network: Perceptron,Erkaboy Samandarov;Abdurakhmonov Karimboyevich;Nematullayevich Olim,2022,European Multidisciplinary Journal of Modern Science,张政泽,Single layer artificial neural network: Perceptron.,Samandarov Erkaboy Karimboyevich and Abdurakhmonov Olim Nematullayevich.,2022,1,未找到该论文
Neurips,2025,pGRjDetCDM,Slat: a transformer-based method for simultaneous alignment and clustering of spatial transcriptomics data,Zhihao Chen;Hantao Zhang;Yuhan Zhang;Zhanlin Hu;Quanquan Gu;Qing Zhang;Shuo Suo,2023,Nature Communications,张政泽,Slat: a transformer-based method for simultaneous alignment and clustering of spatialtranscriptomics data.,"Zhihao Chen, Hantao Zhang, Yuhan Zhang, Zhanlin Hu, Quanquan Gu, Qing Zhang, and ShuoSuo.",2023,1,未找到该论文，有一篇相似论文：https://www.nature.com/articles/s41467-023-43105-5.pdf
Neurips,2023,6c5b82193c5d8e6aa5806239676ddc97,Solution directe de l'équation séculaire et de quelques problemes analogues transcendants,Herman Müntz,1913,Comptes rendus de l'Académie des Sciences,张政泽,Solution directe de l’équation séculaire et de quelques problemes analoguestranscendants.,Herman Müntz et al.,1913,1,未找到该论文
Neurips,2024,d1a1e8713fcd5626656553c82f7c3b26,Some history of higher-order statistics and spectra,D Brillinger,1991,ISSN 10170405,张政泽,SOME HISTORY OF THE STUDY OF HIGHER-ORDER MOMENTS AND SPECTRA,D Brillinger.,1991,0,文章名错误，https://www.jstor.org/stable/24304021?seq=1
Neurips,2023,d42523d621194ba54dda098669645f91,Some history of higher-order statistics and spectra,Brillinger,1991,Stat. Sin,张政泽,SOME HISTORY OF THE STUDY OF HIGHER-ORDER MOMENTS AND SPECTRA,D Brillinger.,1991,0,文章名错误，https://www.jstor.org/stable/24304021?seq=1
Neurips,2022,f419342f8afd483c781f69c2fabfe4f6,"Some matrix inequalities and metrization of matrix space, tomask university review 1 (1937) 286-300",J Von Neumann,1962,john von neumann collected works,张政泽,Some matrix inequalities and metrization of matrix space,"Von Neumann, J.",1937,1,未找到该论文
Neurips,2025,fPPfFMVTZo,Some matrix-inequalities and metrization of matrix-space,J;Von Neumann,1937,Tomsk Univ. Rev,刘欣然,Some matrix inequalities and metrization of matric space,J;Von Neumann,,1,参考文献所在数据库关闭，https://xueshu.baidu.com/ndscholar/browse/detail?paperid=8bbc137a4e5b014fbaac1902a17b8cde&site=xueshu_se
Neurips,2025,XxR70zr9Sf,Sparsity-aware communication schemes for distributed krylov solvers,T Hoefler;M Huber;J Luitjens;A Lumsdaine,2019,Proceedings of SC '19,张政泽,Sparsity-aware communicationschemes for distributed krylov solvers.,"Hoefler, T., Huber, M., Luitjens, J., and Lumsdaine, A.",2019,1,未找到该论文
Neurips,2025,xud9JYzgSp,Spreadsheet formula generation using lightweight language models,Daming Wang;Yijun Liu;Qiang Zhang,2023,Proceedings of the 37th AAAI Conference on Artificial Intelligence,吴福彬,,,,1,论文列表找不到。页码对不上。https://dblp.org/db/conf/aaai/aaai2023.html
Neurips,2025,CrBRKsP3yT,Spider: A unified framework for context-dependent concept understanding,X Zhao;Y Pang;W Ji;B Sheng;J Zuo;L Zhang;H Lu,2024,Proceedings of International Conference on Machine Learning,刘欣然,Spider: A Unified Framework for Context-dependent Concept Segmentation,"Xiaoqi Zhao, Youwei Pang, Wei Ji, Baicheng Sheng, Jiaming Zuo, Lihe Zhang, Huchuan Lu",2024,0,参考文献题目错误，原文链接https://arxiv.org/abs/2405.01002
Neurips,2025,Zb3QO7HLIj,SpikeGPT: Generative pre-trained spiking neural network for event-based vision,Yiming Zhu;Bohan Yin;Jianing Chen;Zhaofei Liu;Deli Zhao;Boxin Li;Tiejun Mei;Feng Liu,2023,Advances in Neural Information Processing Systems (NeurIPS),吴福彬,,,,1,论文列表找不到。https://proceedings.neurips.cc/paper/2022
Neurips,2025,bsjJ7c1mEV,Stability in matching markets with randomly endowed slots,Itai Ashlagi;Afshin Nikzad;Assaf Romm,2019,Proceedings of the National Academy of Sciences,张峰,,,,1,未找到原文献
Neurips,2024,450c10220669b024e46d638bfe347558,Stabilizing offpolicy q-learning via bootstrapping error reduction,Aviral Kumar;Justin Fu;Matthew Soh;George Tucker;Sergey Levine,2019,Advances in neural information processing systems,吴福彬,,,,1,
Neurips,2025,XxR70zr9Sf,Stable iterations for the matrix sign function,N Higham,1997,SIAM J. Matrix Analysis and Applications,张政泽,Stable iterations for the matrix sign function.,"Higham, N. J.",1997,1,"SIAM Journal on Matrix Analysis and Applications, Volume 18
中未找到该文章，https://dblp.org/db/journals/siammax/siammax18.html"
Neurips,2022,3e8b1835833ef809059efa74b9df6805,Statistical approach to ill-posed problems in mathematical geophysics,V Sudakovand;L Khalfin,1964,Sov. Math.-Dokl,张政泽,A statistical approach to the solution of ill-posed problems in geophysics,L.A. Khalfin.,1987,0,名称错误，https://link.springer.com/article/10.1007/BF01093295
Neurips,2025,zho5kN8jTn,The fastest similarity search algorithmrugs in real life: propensity score methods and related topics,G Lefebvre;N Savy;A Duhamel;F Tubach,2008,Therapie,张政泽,Statistical modeling in the evaluation of drugs in real life: propensity score methods and related topics.,"Lefebvre, G., Savy, N., Duhamel, A., and Tubach, F.",2008,1,未找到该论文
Neurips,2025,skx3QgGKEF,Stochastic processes in several dimensions,P Whittle,1963,Bulletin of the International Statistical Institute,张政泽,Stochastic processes in several dimensions.,P. Whittle.,1963,1,未找到该论文
Neurips,2024,7b78a2a7360d5a9ad750834dc5a33bfb,Structural stability in the plane with enlarged boundary conditions,M Peixoto;M Peixoto,1959,An. Acad. Brasil. Ci,张政泽,Structural stability in the plane with enlarged boundary conditions.,"Peixoto, M. C. & Peixoto, M. M.",1959,1,未找到该论文
Neurips,2025,GPTI9GNAYH,Structured fast fourier transform attention for vision transformers,Yoonwoo Lee;Jaehyeong Kang;Namil Kim;Jinwoo Shin;Honglak Lee,,Advances in Neural Information Processing Systems (NeurIPS),张政泽,Structured fast fourier transform attention for vision transformers.,"Yoonwoo Lee, Jaehyeong Kang, Namil Kim, Jinwoo Shin, and Honglak Lee.",,1,NeurIPS2022未找到该文章：https://dblp.org/db/conf/nips/neurips2022.html
Neurips,2025,HKDyRDzy1E,Subtle variations in sepsis-III definitions markedly affect predictive performance,James Samuel N Cohen;Peter Foster;Hang Foster;Terry Lou;Sam Lyons;James Morley;Hao Morrill;Edward Ni;Bo Palmer;Yue Wang;Lingyi Wu;Weixin Yang;Yang,2024,Nature Scientific Reports,张政泽,Subtle variation in sepsis-III definitions markedly influences predictive performance within and across methods,"Samuel N Cohen, James Foster, Peter Foster, Hang Lou, Terry Lyons, Sam Morley, JamesMorrill, Hao Ni, Edward Palmer, Bo Wang, Yue Wu, Lingyi Yang, and Weixin Yang.",2024,1,文章名错误，https://www.nature.com/articles/s41598-024-51989-6
Neurips,2023,2561721d0ca69bab22b749cfc4f48f6c,Sur la distribution des cycles dans les permutations,V Goncharov,1944,Acad. Sci. URSS (N.S.),张政泽,Sur la distribution des cycles dans les permutations.,V. L. Goncharov.,1944,1,未找到该论文
Neurips,2025,Tl3Sg0SBEU,Sur les applications de la theorie des probabilites aux experiences agricoles: Essai des principes,Jerzy Neyman,1923,Statistical Science,张峰,,,,1,未搜到原文，但有大量引用，有可能论文时间太早
Neurips,2023,0a70c9cd8179fe6f8f6135fafa2a8798,Sur les expressions asymptotiques decertaines fonctions définies par les équations différentielles du second ordre et leers applications au problème du dévelopement d'une fonction arbitraire en séries procédant suivant les diverses fonctions,V Steklov,1907,Comm. Charkov Math. Soc,张政泽,Sur les expressions asymptotiques decertaines fonctions définies par les équationsdifférentielles du second ordre et leers applications au problème du dévelopement d’une fonctionarbitraire en séries procédant suivant les diverses fonctions.,V. A. Steklov.,1907,1,未找到该论文
Neurips,2024,d18d208fa9c333483e5724ade7beff0f,Sur les trajectoires du gradient d'une fonction analytique,S ?ojasiewicz,1984,Geometry seminars,张政泽,Sur les trajectoires du gradient d’une fonction analytique.,"?ojasiewicz, S..",1982-1983,1,未找到该论文
Neurips,2024,d6520fa7f71dc8e09ed5939a60a64218,Sync-sim: A scalable method for privacy-preserving federated learning via synthetic data generation,Qitian Li;Hao Sun,2020,"IEEE International Conference on Acoustics, Speech and Signal Processing (ICASSP)",吴福彬,,,,1,论文列表找不到。页码对不上。https://dblp.org/db/conf/icassp/icassp2020.html
Neurips,2025,WQb0YrFl3H,Synthesizing realistic avatars for enhanced virtual communication,Hao Wang;Li Zhang,2023,IEEE Transactions on Visualization and Computer Graphics,吴福彬,,,,1,论文列表找不到。页码对不上。论文给的参考地址对不上题目。https://ieeexplore.ieee.org/document/3214567
Neurips,2025,otIdC4tsYf,Systematic versus nonsystematic search algorithms for most probable explanations,Radu Marinescu;Kalev Kask;Rina Dechter,2003,Proceedings of the 19th Conference on Uncertainty in Artificial Intelligence (UAI),吴福彬,,,,1,标题对不上。https://dblp.org/db/conf/uai/uai2003.html
Neurips,2025,gNiT81iag0,Targeted memorized-data unlearning for large language models,Alexandru B?rbulescu;Evangelos Triantafillou,,Proceedings of the 41st International Conference on Machine Learning (ICML),吴福彬,,,,1,论文列表找不到。https://proceedings.mlr.press/v235/
Neurips,2025,w1yccSuVtg,Tests on dynamic ranking,Nan Lu;Jian Shi;Xin-Yu Tian;Kai Song,,Statistica Sinica,张峰,,,,1,未搜到原文献
Neurips,2025,l0tTXno7c2,The Chemical Evolution of the Milky Way from APOGEE Abundances of α-Elements and Iron,H David;Jon Weinberg;Sten Holtzman;Melissa Hasselquist;Ness,2019,The Astrophysical Journal,胡雨欣,,,,1,未找到文章
Neurips,2024,1588dc2b2ef339d6e4c47d212e36f991,The false consensus phenomenon: An attributional bias in self-perception and social perception processes,L Ross;D Greene;P House,1977,Journal of Experimental Social Psychology,张政泽,The false consensus phenomenon: An attributional bias inself-perception and social perception processes.,"L. Ross, D. Greene, and P. House.",1977,1,未找到该论文
Neurips,2024,f24e8cc1c1c06a689850ee766a7357b2,The fastest similarity search algorithm for time series subsequences under euclidean distance,Christopher Meek;; Abdullah Mueen;Sheng Zhong;Yan Zhu;Michael Yeh;Kaveh Kamgar;Krishnamurthy Viswanathan;Chetan Gupta;Eamonn Keogh,1995,"Proceedings of the Eleventh Conference on Uncertainty in Artificial Intelligence, UAI'95",张政泽,The Fastest Similarity Search Algorithm for Time Series Subsequences under Euclidean Distance and Correlation Coefficient,"Abdullah Mueen, Sheng Zhong, Yan Zhu, Michael Yeh, Kaveh Kamgar, Krishnamurthy Viswanathan, Chetan Gupta, and Eamonn Keogh.",Aug 2022.,0,文献名不全，https://www.cs.unm.edu/~mueen/FastestSimilaritySearch.html
Neurips,2025,BpSGN4pErp,The impact of seasonal variability in boundary forcing on the predictability of a regional ocean model,Paul A Sandery;Megan Gary B Brassington;Entel,2010,Ocean Modelling,胡雨欣,,,,1,官网等未找到文章
Neurips,2025,emM7U3WKMO,The role of supervised learning in the era of foundation models: Boundary and information theoretic perspectives,Kaizhao Huang;Binghui Li;Zhirong Wu;Mike Wu;Bo Zhao;Jun Zhu;Saining Xie,2022,Advances in Neural Information Processing Systems (NeurIPS),张政泽,The role of supervised learning in the era of foundation models: Boundary and information theoretic perspectives.,"Kaizhao Huang, Binghui Li, Zhirong Wu, Mike Wu, Bo Zhao, Jun Zhu, and Saining Xie.",,1,NeurIPS2022中未找到该文章：NeurIPS
Neurips,2024,d1a1e8713fcd5626656553c82f7c3b26,The spectral representation and transformation properties of the higher moments of stationary time series,J Tukey,1953,The Collected Works of John W. Tukey,张政泽,The spectral representation and transformation properties of the higher moments ofstationary time series,"Tukey, J.",,1,未找到该论文
Neurips,2023,d42523d621194ba54dda098669645f91,The spectral representation and transformation properties of the higher moments of stationary time series,J Tukey,1953,Reprinted in The Collected Works of John W. Tukey,张政泽,The spectral representation and transformation properties of the higher moments ofstationary time series,"Tukey, J.",,1,未找到该论文
Neurips,2020,012a91467f210472fab4e11359bbfef6,Theano: a cpu and gpu math expression compiler,James Bergstra;Olivier Breuleux;Frédéric Bastien;Pascal Lamblin;Razvan Pascanu;Guillaume Desjardins;Joseph Turian;David Warde-Farley;Yoshua Bengio,2010,Proceedings of the Python for scientific computing conference (SciPy),李想,"


Theano: A CPU and GPU Math Compiler in Python","James Bergstra,
Olivier Breuleux,
Frédéric Bastien,
Pascal Lamblin,
Razvan Pascanu,
Guillaume Desjardins,
Joseph Turian,
David Warde-Farley,
Yoshua Bengio",2010,0,"题目不对，不完整且存在错误单词
https://proceedings.scipy.org/articles/Majora-92bf1922-003"
Neurips,2022,0ff3502bb29570b219967278db150a50,"Theory of uniform convergence of frequencies of events to their probabilities and problems of search for an optimal solution from empirical data(average risk minimization based on empirical data, showing relationship of problem to uniform convergence of averages toward expectation value)",Aia Chervonenkis;Vapnik,1971,Automation and Remote Control,张政泽,"Theory of uniform convergence of frequencies of events to their probabilities and problems of search for an optimal solution from empirical data(averagerisk minimization based on empirical data, showing relationship of problem to uniformconvergence of averages toward expectation value).",AIA Chervonenkis and VN Vapnik.,1971,1,未找到该论文
Neurips,2025,aYd4wSCle4,Théorie des richesses: revue de 'théories mathématiques de la richesse sociale' de l. walras and 'recherches sur les principes mathématiques de la théorie des richesses' de a. cournot,Joseph Bertrand,,Journal des Savants,张峰,,,,1,未搜到文献
Neurips,2025,4FUdUFvvmp,Tiger: Token-based generative retrieval for sequential recommendation,Shubham Rajput;Mingxuan Chen;Fei Sun,2023,Advances in Neural Information Processing Systems (NeurIPS),吴福彬,,,,1,论文列表找不到。原文给的arxiv编号的内容对不上。https://arxiv.org/abs/2306.01234
Neurips,2025,kWGJa9ZO3M,Timechat: A time-aware large language model for video question answering,Junjie Ren;Can Li;Ming Zhao;Jinhui Liu;Junchi Yang;Jian Wang,2023,Proceedings of the IEEE/CVF Conference on Computer Vision and Pattern Recognition,刘欣然,,,,1,查无此文
Neurips,2025,GPTI9GNAYH,Token-aware adaptive sampling for efficient diffusion models,Jiuxiang Shi;Zuxuan Wu;Dahua Lin,,IEEE/CVF Conference on Computer Vision and Pattern Recognition (CVPR),吴福彬,,,,1,找不到
Neurips,2025,ypVW5jvguX,Topological graph neural network for vision-andlanguage navigation,Yuhang Chen;Fangwei Wu;Cewu Zhou,2023,International Conference on Learning Representations (ICLR),张峰,,,,1,官网未搜到原文
Neurips,2025,i3sWs5614Y,Transfer learning for graph neural networks with one-dimensional convolution,Ming Yang;Zhaoxuan Huang;Fengyun Hu;Yue Wu;Bingbing Yang,2021,Proceedings of the AAAI Conference on Artificial Intelligence,吴福彬,,,,1,论文列表找不到。https://dblp.org/db/conf/aaai/aaai2021.html
Neurips,2025,eGcpmWdPg5,Towards unknown-aware learning with virtual outlier synthesis,Xuefeng Du;Zhaoning Wang;Mu Cai;Sharon Li,2022,International Conference on Learning Representations,刘欣然,,,,1,查无此文
Neurips,2025,ul5mlXrLZb,Towards unknown-aware learning with virtual outlier synthesis,X Du;Z Wang;M Cai;S Li,2022,International Conference on Learning Representations,李想,VOS: Learning What You Don't Know by Virtual Outlier Synthesis,"Xuefeng Du, Zhaoning Wang, Mu Cai, Yixuan Li",2022,1,"题目/作者均不对
https://openreview.net/forum?id=TW7d65uYu5M
"
Neurips,2024,450c10220669b024e46d638bfe347558,Transformers: State-ofthe-art natural language processing,Thomas Wolf;Lysandre Debut;Victor Sanh;Julien Chaumond;Clement Delangue;Anthony Moi;Pierric Cistac;Tim Rault;Rémi Louf;Morgan Funtowicz,2020,Conference on Empirical Methods in Natural Language Processing: System Demonstrations,吴福彬,,,,1,
Neurips,2022,6d53193a098b982229340a7c3eb0ecbf,TrMiack-propagation for bilevel optimization,Amirreza Shaban,2019,The 22nd International Conference on Artificial Intelligence and Statistics,吴福彬,,,,0,标题对不上。https://dblp.org/db/conf/aistats/aistats2019.html
Neurips,2020,1b113258af3968aaf3969ca67e744ff8,TRUNCATED HORIZON POLICY SEARCH: DEEP COMBINATION OF REINFORCEMENT AND IMITATION,Wen Sun;J Bagnell;Byron Boots,2018,International Conference on Learning Representations,吴福彬,,,,0,标题对不上。https://openreview.net/forum?id=ryUlhzWCZ
Neurips,2025,IiEtQPGVyV,Tuqdm: Token unmasking with quantized diffusion models,X Ou,2024,ACL,胡雨欣,,,,1,不存在这样一篇文章
Neurips,2020,0887f1a5b9970ad13f46b8c1485f7900,Two-point scrambled set implies chaos,M Kuchta;J Smital,1987,Proceedings of the European Conference of Iteration Theory ECIT 87,张政泽,Two-point scrambled set implies chaos.,M. Kuchta and J. Smital.,1989,1,未找到该论文
Neurips,2025,S3GhJooWIC,Understanding Reasoning With Looped Model,Nikunj Saunshi;Nishanth Dikkala;Zhiyuan Li;Sanjiv Kumar;Sashank Reddi,2024,The Thirteenth International Conference on Learning Representations,吴福彬,,,,1,论文列表找不到。https://dblp.org/db/conf/iclr/iclr2024.html
Neurips,2021,ae4503ec3da32f5e9033604744ec45ae,Uber whittakersche bezw. besselsche funktionen und deren produkte,C Meijer,1936,Nieuw Archief voor Wiskunde,张政泽,Uber whittakersche bezw. besselsche funktionen und deren produkte.,"Meijer, C. .",1936,1,未找到该论文
Neurips,2025,oBikm5Rshc,Understanding attention and generalization in vision transformers,S Singla;S Feizi,2021,NeurIPS,张峰,,,,1,未搜到原文
Neurips,2025,4TUpqyDJbz,Understanding self-training for gradient-boosted trees,Ashish Kumar;Logan Engstrom;Andrew Ilyas;Dimitris Tsipras,2020,Advances in Neural Information Processing Systems (NeurIPS),吴福彬,,,,1,论文列表找不到。https://proceedings.neurips.cc/paper/2020
Neurips,2025,eIDa6pd9iQ,Understanding the low-rank bias of deep neural networks,Yu Bai;J Kolter;Vladlen Koltun,2021,International Conference on Learning Representations,吴福彬,,,,1,论文列表找不到。https://dblp.org/db/conf/iclr/iclr2021.html
Neurips,2020,24aef8cb3281a2422a59b51659f1ad2e,Unified framework for interpretable methods,S.-I Scott Lundberg,2017,Advances of Neural Inf. Proc. Systems,吴福彬,,,,0,题目对不上。https://proceedings.neurips.cc/paper/2017/hash/8a20a8621978632d76c43dfd28b67767-Abstract.html
Neurips,2020,426f990b332ef8193a61cc90516c1245,Unified framework for interpretable methods,S Lundberg;S.-I Lee,2017,Advances of Neural Inf. Proc. Systems,吴福彬,,,,0,题目对不上。https://proceedings.neurips.cc/paper/2017/hash/8a20a8621978632d76c43dfd28b67767-Abstract.html
Neurips,2024,47908cab4e5b696d7af5c7de69f3b7d2,Uniform local and global theorems for densities,N Shakhaidarova,1966,Izv. Akad. Nauk UzSSR Ser. Fiz-Mat. Nauk,张政泽,Uniform local and global theorems for densities.,N. Shakhaidarova.,1966,1,未找到该论文
Neurips,2022,50ca96a1a9ebe0b5e5688a504feb6107,Unifying vision unsupervised contrastive learning from a graph perspective,Shixiang Tang;Feng Zhu;Lei Bai;Rui Zhao;Chenyu Wang;Wanli Ouyang,2022,ECCV,吴福彬,,,,0,标题对不上。https://link.springer.com/chapter/10.1007/978-3-031-19809-0_37
Neurips,2023,d42523d621194ba54dda098669645f91,Uniqueness theorems for generalized autocorrelations,Yellott Ji;G Iverson,1992,Journal of the Optical Society of America,张政泽,Uniqueness theorems for generalized autocorrelations.,JI Yellott Jr and GJ Iverson.,1992,1,未找到该论文
Neurips,2024,c4bf73386022473a652a18941e9ea6f8,Using machine learning for job application screening: A comparative analysis,J Brown,2021,International Conference on Artificial Intelligence in HR,吴福彬,,,,1,论文列表找不到。页码对不上。https://dblp.org/db/conf/icai5/icai2021.html
Neurips,2025,fcLVqvyiqV,Waiting for the right time: When to commit to action in hierarchical reinforcement learning,M Harb;P.-L Bacon;M Klissarov;D Precup,2018,International Conference on Learning Representations (ICLR),吴福彬,,,,1,论文列表找不到。查作者论文集也找不到。论文文件邻近文献显示的文献名高度相似。https://dblp.org/db/conf/iclr/iclr2018.html和https://dblp.org/pid/206/7079.html
Neurips,2024,ad7922fd4650f8aba5d8b067e622ca84,Variance-invariance-covariance regularization for selfsupervised learning,A Bardes;J Ponce;Y Lecun,2022,ICLR,吴福彬,,,,0,标题对不上。https://openreview.net/forum?id=xm6YD62D1Ub
Neurips,2025,8AtYSW3VdX,Versatile video coding-towards the next generation of video compression,J.-R Ohm;G Sullivan,2018,Picture Coding Symposium,张峰,,,,1,未搜到文献论文，但有相似题目论文https://www.ntt-review.jp/archive/ntttechnical.php?contents=ntr201906gls.html
Neurips,2022,0206c1c20a18915da23df5e61966fc6a,Vier combinatorische probleme,E Schr?der,1870,Z. Math. Phys,张政泽,Vier combinatorische probleme.,E. Schr?der.,1870,1,未找到该论文
Neurips,2025,LP4Q7tPMbs,Vifi-clip: Video fine-tuning for clip using motion-aware contrastive learning,Jialin Mao,2023,ICCV,胡雨欣,Fine-tuned CLIP Models are Efficient Video Learners,"Hanoona Rasheed, Muhammad Uzair Khattak, Muhammad Maaz, Salman Khan, Fahad Shahbaz Khan",2023,1,论文题目出错，会议出错、作者出错，pdf链接为https://openaccess.thecvf.com/content/CVPR2023/papers/Rasheed_Fine-Tuned_CLIP_Models_Are_Efficient_Video_Learners_CVPR_2023_paper.pdf
Neurips,2025,GPTI9GNAYH,Vision transformer compression: Early exiting and token pruning,Siyuan Gong;Alan Yu;Xiaohan Chen;Yinpeng Lin;Larry Davis,,Advances in Neural Information Processing Systems (NeurIPS),张政泽,Vision transformer compression:Early exiting and token pruning.,"Siyuan Gong, Alan Yu, Xiaohan Chen, Yinpeng Lin, and Larry S Davis.",,1,NIPS2021未找到该论文：https://dblp.org/db/conf/nips/neurips2021.html
Neurips,2024,0f293260c9e3e9527c06920316326114,Visualizing high-dimensional data using t-629 sne,Der Van;G Maaten;Hinton,2008,Journal of Machine Learning Research,吴福彬,,,,1,论文列表找不到。https://dblp.org/db/journals/jmlr/jmlr9.html
Neurips,2025,2DAvXR77xh,Vits: Vision transformer for video self-supervised pretraining of surgical phase recognition,Fenglin Ding;Debesh Jha;Maria H?rgestam;P?l Halvorsen;Dag Michael A Riegler;Ronny Johansen;H?vard H?nsch;Stensland,2022,International Conference on Medical Image Computing and Computer-Assisted Intervention,张峰,,,,1,未搜到原文献
Neurips,2025,kWGJa9ZO3M,Vtimellm: Compression of time into a latent embedding for efficient video-language modeling,Junjie Huang;Ming Wu;Linchao Li;Yi Zhu;Yu Chen;Siwei Yan;Yi Liu;Ping Luo,2023,Proceedings of the IEEE/CVF Conference on Computer Vision and Pattern Recognition,刘欣然,,,,1,查无此文
Neurips,2022,ec795aeadae0b7d230fa35cbaf04c041,"Which faces can AI generate? Normativity, whiteness and lack of diversity in This Person Does Not Exist",Lucas Sequeira;Bruno Moreschi;Amanda Jurno;Vinicius Arruda Dos Santos,2021,"CVPR Workshop Beyond Fairness: Towards a Just, Equitable, and Accountable Computer Vision",张政泽,"Which faces can AI generate? Normativity, whiteness and lack of diversity in This Person Does Not Exist.","Lucas Sequeira, Bruno Moreschi, Amanda Jurno, and Vinicius Arruda dos Santos.",,1,CVPR Workshop2021未找到该论文：https://dblp.org/db/conf/cvpr/cvprw2021.html
Neurips,2025,FAiIRMvIwy,which initialize a population of solutions to kick start a EC optimizer,,,We have maintained 5 initialization variants in the low-level inheritance,张峰,,,,1,无法找到文章
Neurips,2025,1bb974Q4jJ,Worst-case regret bounds for exploration via thompson sampling,D Russo,2019,Advances in Neural Information Processing Systems,吴福彬,,,,0,标题对不上
Neurips,2024,dd2eb673b257e6827660abf3475f131d,X-lan: Cross-modal scene graph alignment network for image captioning,Xinlei Yang,2019,IEEE Conference on Computer Vision and Pattern Recognition (CVPR),吴福彬,,,,1,论文列表找不到。https://openaccess.thecvf.com/CVPR2019_search和https://openaccess.thecvf.com/CVPR2019_workshops/menu
Neurips,2025,TcVCu2PKb9,You only need one: Efficient kv sharing across transformer layers,Tian Sun;Li Zhang;Shuang Wu,,Proceedings of the 42nd International Conference on Machine Learning (ICML),吴福彬,,,,1,论文列表找不到。https://proceedings.mlr.press/v267/
Neurips,2022,3bf80b34f731313b8292f4578e820c90,Zaostrzone prawo wielkich liczb,A Rajchman,1932,Mathesis Polska,张政泽,Zaostrzone prawo wielkich liczb.,A. Rajchman.,1932,1,未找到该论文
Neurips,2025,o87dDXYLXC,Zoom in: An interpretability method for deep neural networks,Chris Olah;Arvind Satyanarayan;Shan Carter,2020,Distill,张峰,,,,1,搜不到文献论文
Neurips,2021,8bf1211fd4b7b94528899de0a43b9fb3,Zur relativen wertbemessung der turnierresultate,Endmund Landau,1895,Deutsches Wochenschach,张政泽,Zur relativen wertbemessung der turnierresultate.,Endmund Landau.,1895,1,未找到该论文
Neurips,2024,4526cfacdbca6b6e184568dac91bf070,über die maximalordnung der permutationen gegebenen grades,E Landau,1903,Archiv der Mathematik und Physik,张政泽,über die maximalordnung der permutationen gegebenen grades,E. Landau,1903,1,未找到该论文
